Date,Year,Month_Num,Month_Name,Price_24K_INR,Price_22K_INR
2020-01-01,2020,1,Jan,37814.98,34661.21
2020-01-02,2020,1,Jan,37765.83,34616.16
2020-01-03,2020,1,Jan,37550.09,34418.41
2020-01-04,2020,1,Jan,37893.6,34733.27
2020-01-05,2020,1,Jan,38205.13,35018.82
2020-01-06,2020,1,Jan,38046.95,34873.83
2020-01-07,2020,1,Jan,38195.76,35010.23
2020-01-08,2020,1,Jan,38621.3,35400.28
2020-01-09,2020,1,Jan,38170.45,34987.03
2020-01-10,2020,1,Jan,38253.23,35062.91
2020-01-11,2020,1,Jan,38381.59,35180.57
2020-01-12,2020,1,Jan,38454.65,35247.53
2020-01-13,2020,1,Jan,38241.23,35051.91
2020-01-14,2020,1,Jan,38206.37,35019.96
2020-01-15,2020,1,Jan,38392.13,35190.23
2020-01-16,2020,1,Jan,38930.25,35683.47
2020-01-17,2020,1,Jan,38164.97,34982.01
2020-01-18,2020,1,Jan,38459.58,35252.05
2020-01-19,2020,1,Jan,38559.14,35343.31
2020-01-20,2020,1,Jan,37856.59,34699.35
2020-01-21,2020,1,Jan,38175.67,34991.82
2020-01-22,2020,1,Jan,38400.43,35197.83
2020-01-23,2020,1,Jan,37834.38,34678.99
2020-01-24,2020,1,Jan,38952.4,35703.77
2020-01-25,2020,1,Jan,38441.24,35235.24
2020-01-26,2020,1,Jan,38329.91,35133.2
2020-01-27,2020,1,Jan,38658.65,35434.52
2020-01-28,2020,1,Jan,38410.19,35206.78
2020-01-29,2020,1,Jan,38706.17,35478.08
2020-01-30,2020,1,Jan,38615.52,35394.99
2020-01-31,2020,1,Jan,39088.88,35828.87
2020-02-01,2020,2,Feb,38524.36,35311.43
2020-02-02,2020,2,Feb,38917.52,35671.8
2020-02-03,2020,2,Feb,38465.88,35257.83
2020-02-04,2020,2,Feb,38680.72,35454.75
2020-02-05,2020,2,Feb,38126.29,34946.56
2020-02-06,2020,2,Feb,38140.55,34959.63
2020-02-07,2020,2,Feb,38881.85,35639.1
2020-02-08,2020,2,Feb,38923.66,35677.43
2020-02-09,2020,2,Feb,38565.73,35349.35
2020-02-10,2020,2,Feb,39290.12,36013.32
2020-02-11,2020,2,Feb,38221.42,35033.75
2020-02-12,2020,2,Feb,38527.01,35313.86
2020-02-13,2020,2,Feb,38945.12,35697.1
2020-02-14,2020,2,Feb,38693.34,35466.32
2020-02-15,2020,2,Feb,38455.45,35248.27
2020-02-16,2020,2,Feb,38904.33,35659.71
2020-02-17,2020,2,Feb,38460.78,35253.15
2020-02-18,2020,2,Feb,38347.78,35149.58
2020-02-19,2020,2,Feb,38426.79,35222.0
2020-02-20,2020,2,Feb,38629.83,35408.1
2020-02-21,2020,2,Feb,39026.48,35771.67
2020-02-22,2020,2,Feb,38989.95,35738.19
2020-02-23,2020,2,Feb,39417.2,36129.81
2020-02-24,2020,2,Feb,38687.93,35461.36
2020-02-25,2020,2,Feb,38600.12,35380.87
2020-02-26,2020,2,Feb,39106.57,35845.08
2020-02-27,2020,2,Feb,38509.11,35297.45
2020-02-28,2020,2,Feb,38920.0,35674.07
2020-02-29,2020,2,Feb,39043.65,35787.41
2020-03-01,2020,3,Mar,39878.67,36552.79
2020-03-02,2020,3,Mar,39801.02,36481.61
2020-03-03,2020,3,Mar,40091.11,36747.51
2020-03-04,2020,3,Mar,39947.51,36615.89
2020-03-05,2020,3,Mar,40369.06,37002.28
2020-03-06,2020,3,Mar,39783.08,36465.17
2020-03-07,2020,3,Mar,40442.71,37069.79
2020-03-08,2020,3,Mar,39560.29,36260.96
2020-03-09,2020,3,Mar,40021.28,36683.51
2020-03-10,2020,3,Mar,40494.17,37116.96
2020-03-11,2020,3,Mar,40128.95,36782.2
2020-03-12,2020,3,Mar,39948.34,36616.65
2020-03-13,2020,3,Mar,39953.69,36621.55
2020-03-14,2020,3,Mar,40229.07,36873.97
2020-03-15,2020,3,Mar,40158.65,36809.42
2020-03-16,2020,3,Mar,39988.24,36653.22
2020-03-17,2020,3,Mar,39312.73,36034.05
2020-03-18,2020,3,Mar,40074.34,36732.14
2020-03-19,2020,3,Mar,39894.72,36567.5
2020-03-20,2020,3,Mar,39738.44,36424.25
2020-03-21,2020,3,Mar,39779.76,36462.13
2020-03-22,2020,3,Mar,40281.03,36921.59
2020-03-23,2020,3,Mar,39714.89,36402.67
2020-03-24,2020,3,Mar,39800.61,36481.24
2020-03-25,2020,3,Mar,40116.36,36770.66
2020-03-26,2020,3,Mar,40372.5,37005.43
2020-03-27,2020,3,Mar,40651.09,37260.79
2020-03-28,2020,3,Mar,40412.68,37042.26
2020-03-29,2020,3,Mar,40222.23,36867.7
2020-03-30,2020,3,Mar,40423.36,37052.05
2020-03-31,2020,3,Mar,40205.66,36852.51
2020-04-01,2020,4,Apr,41276.47,37834.01
2020-04-02,2020,4,Apr,40563.3,37180.32
2020-04-03,2020,4,Apr,40887.32,37477.32
2020-04-04,2020,4,Apr,41034.58,37612.3
2020-04-05,2020,4,Apr,40903.67,37492.3
2020-04-06,2020,4,Apr,41020.88,37599.74
2020-04-07,2020,4,Apr,40985.86,37567.64
2020-04-08,2020,4,Apr,40555.48,37173.15
2020-04-09,2020,4,Apr,41113.45,37684.59
2020-04-10,2020,4,Apr,40761.16,37361.68
2020-04-11,2020,4,Apr,41625.35,38153.8
2020-04-12,2020,4,Apr,41533.62,38069.72
2020-04-13,2020,4,Apr,40660.75,37269.64
2020-04-14,2020,4,Apr,41252.84,37812.35
2020-04-15,2020,4,Apr,41007.42,37587.4
2020-04-16,2020,4,Apr,41040.11,37617.36
2020-04-17,2020,4,Apr,41462.82,38004.82
2020-04-18,2020,4,Apr,41123.74,37694.02
2020-04-19,2020,4,Apr,40837.76,37431.89
2020-04-20,2020,4,Apr,41520.42,38057.62
2020-04-21,2020,4,Apr,42059.94,38552.14
2020-04-22,2020,4,Apr,41414.76,37960.77
2020-04-23,2020,4,Apr,41535.8,38071.71
2020-04-24,2020,4,Apr,41183.0,37748.34
2020-04-25,2020,4,Apr,41736.81,38255.96
2020-04-26,2020,4,Apr,41408.86,37955.36
2020-04-27,2020,4,Apr,40821.27,37416.78
2020-04-28,2020,4,Apr,41647.49,38174.09
2020-04-29,2020,4,Apr,41532.63,38068.81
2020-04-30,2020,4,Apr,41505.15,38043.62
2020-05-01,2020,5,May,40578.18,37193.96
2020-05-02,2020,5,May,40185.01,36833.58
2020-05-03,2020,5,May,40104.97,36760.22
2020-05-04,2020,5,May,40249.05,36892.28
2020-05-05,2020,5,May,40816.42,37412.33
2020-05-06,2020,5,May,40190.78,36838.87
2020-05-07,2020,5,May,40259.35,36901.72
2020-05-08,2020,5,May,40294.52,36933.96
2020-05-09,2020,5,May,40152.77,36804.03
2020-05-10,2020,5,May,40911.82,37499.77
2020-05-11,2020,5,May,40267.65,36909.33
2020-05-12,2020,5,May,40483.82,37107.47
2020-05-13,2020,5,May,40834.89,37429.26
2020-05-14,2020,5,May,40100.13,36755.78
2020-05-15,2020,5,May,40765.44,37365.6
2020-05-16,2020,5,May,40326.01,36962.82
2020-05-17,2020,5,May,40574.84,37190.9
2020-05-18,2020,5,May,40219.16,36864.88
2020-05-19,2020,5,May,40942.96,37528.32
2020-05-20,2020,5,May,40826.58,37421.64
2020-05-21,2020,5,May,40603.18,37216.87
2020-05-22,2020,5,May,40399.41,37030.1
2020-05-23,2020,5,May,40673.42,37281.26
2020-05-24,2020,5,May,40735.55,37338.21
2020-05-25,2020,5,May,40824.61,37419.84
2020-05-26,2020,5,May,40912.51,37500.41
2020-05-27,2020,5,May,41071.78,37646.39
2020-05-28,2020,5,May,40827.22,37422.23
2020-05-29,2020,5,May,40598.18,37212.29
2020-05-30,2020,5,May,40040.81,36701.41
2020-05-31,2020,5,May,40797.71,37395.18
2020-06-01,2020,6,Jun,40999.11,37579.78
2020-06-02,2020,6,Jun,40858.51,37450.91
2020-06-03,2020,6,Jun,41135.03,37704.37
2020-06-04,2020,6,Jun,40760.55,37361.12
2020-06-05,2020,6,Jun,41247.68,37807.62
2020-06-06,2020,6,Jun,40049.85,36709.69
2020-06-07,2020,6,Jun,40704.24,37309.51
2020-06-08,2020,6,Jun,40021.82,36684.0
2020-06-09,2020,6,Jun,40679.44,37286.77
2020-06-10,2020,6,Jun,41034.63,37612.34
2020-06-11,2020,6,Jun,41262.0,37820.75
2020-06-12,2020,6,Jun,41362.38,37912.76
2020-06-13,2020,6,Jun,40878.64,37469.36
2020-06-14,2020,6,Jun,41361.82,37912.24
2020-06-15,2020,6,Jun,41187.79,37752.73
2020-06-16,2020,6,Jun,41321.97,37875.72
2020-06-17,2020,6,Jun,40981.23,37563.4
2020-06-18,2020,6,Jun,41011.36,37591.01
2020-06-19,2020,6,Jun,41119.53,37690.16
2020-06-20,2020,6,Jun,41368.78,37918.62
2020-06-21,2020,6,Jun,41604.12,38134.34
2020-06-22,2020,6,Jun,40544.23,37162.84
2020-06-23,2020,6,Jun,41676.64,38200.81
2020-06-24,2020,6,Jun,41164.0,37730.92
2020-06-25,2020,6,Jun,41866.79,38375.1
2020-06-26,2020,6,Jun,41819.13,38331.41
2020-06-27,2020,6,Jun,41311.62,37866.23
2020-06-28,2020,6,Jun,41665.69,38190.77
2020-06-29,2020,6,Jun,41346.98,37898.64
2020-06-30,2020,6,Jun,41749.29,38267.4
2020-07-01,2020,7,Jul,41178.75,37744.44
2020-07-02,2020,7,Jul,41156.79,37724.31
2020-07-03,2020,7,Jul,41276.94,37834.44
2020-07-04,2020,7,Jul,41373.76,37923.19
2020-07-05,2020,7,Jul,41314.85,37869.19
2020-07-06,2020,7,Jul,41159.75,37727.03
2020-07-07,2020,7,Jul,41118.49,37689.21
2020-07-08,2020,7,Jul,41351.77,37903.03
2020-07-09,2020,7,Jul,41320.69,37874.54
2020-07-10,2020,7,Jul,41722.19,38242.56
2020-07-11,2020,7,Jul,41320.73,37874.58
2020-07-12,2020,7,Jul,41771.99,38288.21
2020-07-13,2020,7,Jul,41714.03,38235.08
2020-07-14,2020,7,Jul,41879.54,38386.79
2020-07-15,2020,7,Jul,41672.27,38196.8
2020-07-16,2020,7,Jul,41692.11,38214.99
2020-07-17,2020,7,Jul,42271.34,38745.91
2020-07-18,2020,7,Jul,41258.3,37817.36
2020-07-19,2020,7,Jul,41385.07,37933.56
2020-07-20,2020,7,Jul,41409.18,37955.65
2020-07-21,2020,7,Jul,42235.37,38712.94
2020-07-22,2020,7,Jul,41904.01,38409.22
2020-07-23,2020,7,Jul,41592.81,38123.97
2020-07-24,2020,7,Jul,41294.01,37850.09
2020-07-25,2020,7,Jul,41393.98,37941.72
2020-07-26,2020,7,Jul,41928.21,38431.4
2020-07-27,2020,7,Jul,41875.73,38383.29
2020-07-28,2020,7,Jul,41714.36,38235.38
2020-07-29,2020,7,Jul,41448.55,37991.74
2020-07-30,2020,7,Jul,42050.26,38543.27
2020-07-31,2020,7,Jul,42147.4,38632.31
2020-08-01,2020,8,Aug,42135.07,38621.01
2020-08-02,2020,8,Aug,41736.58,38255.75
2020-08-03,2020,8,Aug,41348.96,37900.46
2020-08-04,2020,8,Aug,40876.77,37467.65
2020-08-05,2020,8,Aug,42499.06,38954.64
2020-08-06,2020,8,Aug,41716.07,38236.95
2020-08-07,2020,8,Aug,41914.78,38419.09
2020-08-08,2020,8,Aug,41764.0,38280.88
2020-08-09,2020,8,Aug,42544.9,38996.66
2020-08-10,2020,8,Aug,42161.41,38645.15
2020-08-11,2020,8,Aug,42017.84,38513.55
2020-08-12,2020,8,Aug,42101.55,38590.28
2020-08-13,2020,8,Aug,41910.92,38415.55
2020-08-14,2020,8,Aug,42067.11,38558.71
2020-08-15,2020,8,Aug,42066.59,38558.24
2020-08-16,2020,8,Aug,42419.77,38881.96
2020-08-17,2020,8,Aug,42492.82,38948.92
2020-08-18,2020,8,Aug,41949.93,38451.31
2020-08-19,2020,8,Aug,42293.86,38766.55
2020-08-20,2020,8,Aug,42553.04,39004.12
2020-08-21,2020,8,Aug,42429.52,38890.9
2020-08-22,2020,8,Aug,42029.87,38524.58
2020-08-23,2020,8,Aug,41959.91,38460.45
2020-08-24,2020,8,Aug,42906.82,39328.39
2020-08-25,2020,8,Aug,42133.42,38619.49
2020-08-26,2020,8,Aug,42294.95,38767.55
2020-08-27,2020,8,Aug,42219.16,38698.08
2020-08-28,2020,8,Aug,42156.25,38640.42
2020-08-29,2020,8,Aug,42601.66,39048.68
2020-08-30,2020,8,Aug,42214.15,38693.49
2020-08-31,2020,8,Aug,42733.14,39169.2
2020-09-01,2020,9,Sep,42945.98,39364.29
2020-09-02,2020,9,Sep,43487.27,39860.43
2020-09-03,2020,9,Sep,43079.24,39486.43
2020-09-04,2020,9,Sep,43589.42,39954.06
2020-09-05,2020,9,Sep,43265.66,39657.3
2020-09-06,2020,9,Sep,43606.11,39969.36
2020-09-07,2020,9,Sep,43637.16,39997.82
2020-09-08,2020,9,Sep,43587.09,39951.93
2020-09-09,2020,9,Sep,43295.82,39684.95
2020-09-10,2020,9,Sep,43244.56,39637.96
2020-09-11,2020,9,Sep,43169.94,39569.57
2020-09-12,2020,9,Sep,43148.53,39549.94
2020-09-13,2020,9,Sep,43733.96,40086.55
2020-09-14,2020,9,Sep,43419.13,39797.97
2020-09-15,2020,9,Sep,42954.29,39371.9
2020-09-16,2020,9,Sep,43038.3,39448.91
2020-09-17,2020,9,Sep,44012.5,40341.86
2020-09-18,2020,9,Sep,43671.84,40029.61
2020-09-19,2020,9,Sep,43135.82,39538.29
2020-09-20,2020,9,Sep,43229.3,39623.98
2020-09-21,2020,9,Sep,43238.28,39632.21
2020-09-22,2020,9,Sep,43619.58,39981.71
2020-09-23,2020,9,Sep,43833.26,40177.57
2020-09-24,2020,9,Sep,43350.6,39735.16
2020-09-25,2020,9,Sep,43224.3,39619.39
2020-09-26,2020,9,Sep,43486.64,39859.85
2020-09-27,2020,9,Sep,43443.91,39820.69
2020-09-28,2020,9,Sep,43590.14,39954.72
2020-09-29,2020,9,Sep,43667.01,40025.18
2020-09-30,2020,9,Sep,43250.32,39643.24
2020-10-01,2020,10,Oct,44988.24,41236.22
2020-10-02,2020,10,Oct,45597.5,41794.67
2020-10-03,2020,10,Oct,45209.26,41438.81
2020-10-04,2020,10,Oct,45057.1,41299.34
2020-10-05,2020,10,Oct,44790.23,41054.72
2020-10-06,2020,10,Oct,45122.8,41359.56
2020-10-07,2020,10,Oct,45074.22,41315.03
2020-10-08,2020,10,Oct,45384.99,41599.88
2020-10-09,2020,10,Oct,44892.23,41148.22
2020-10-10,2020,10,Oct,45648.07,41841.02
2020-10-11,2020,10,Oct,45184.81,41416.4
2020-10-12,2020,10,Oct,45038.5,41282.29
2020-10-13,2020,10,Oct,44673.92,40948.12
2020-10-14,2020,10,Oct,45311.86,41532.85
2020-10-15,2020,10,Oct,45566.19,41765.97
2020-10-16,2020,10,Oct,45115.34,41352.72
2020-10-17,2020,10,Oct,46129.67,42282.46
2020-10-18,2020,10,Oct,45018.19,41263.67
2020-10-19,2020,10,Oct,45390.06,41604.53
2020-10-20,2020,10,Oct,45475.33,41682.69
2020-10-21,2020,10,Oct,45807.59,41987.24
2020-10-22,2020,10,Oct,45232.22,41459.85
2020-10-23,2020,10,Oct,45086.72,41326.49
2020-10-24,2020,10,Oct,45766.42,41949.5
2020-10-25,2020,10,Oct,45819.71,41998.35
2020-10-26,2020,10,Oct,45689.06,41878.59
2020-10-27,2020,10,Oct,45394.4,41608.51
2020-10-28,2020,10,Oct,45541.79,41743.6
2020-10-29,2020,10,Oct,45633.39,41827.57
2020-10-30,2020,10,Oct,45152.41,41386.7
2020-10-31,2020,10,Oct,46152.85,42303.7
2020-11-01,2020,11,Nov,45683.83,41873.8
2020-11-02,2020,11,Nov,46104.54,42259.42
2020-11-03,2020,11,Nov,45902.25,42074.0
2020-11-04,2020,11,Nov,45341.6,41560.11
2020-11-05,2020,11,Nov,45259.56,41484.91
2020-11-06,2020,11,Nov,46044.58,42204.46
2020-11-07,2020,11,Nov,45420.17,41632.13
2020-11-08,2020,11,Nov,45765.56,41948.71
2020-11-09,2020,11,Nov,45644.29,41837.56
2020-11-10,2020,11,Nov,45410.07,41622.87
2020-11-11,2020,11,Nov,46132.09,42284.67
2020-11-12,2020,11,Nov,45510.52,41714.94
2020-11-13,2020,11,Nov,45537.09,41739.3
2020-11-14,2020,11,Nov,45946.95,42114.97
2020-11-15,2020,11,Nov,45827.28,42005.28
2020-11-16,2020,11,Nov,45824.09,42002.36
2020-11-17,2020,11,Nov,45928.37,42097.94
2020-11-18,2020,11,Nov,45507.44,41712.12
2020-11-19,2020,11,Nov,46212.92,42358.76
2020-11-20,2020,11,Nov,46336.24,42471.8
2020-11-21,2020,11,Nov,45706.55,41894.62
2020-11-22,2020,11,Nov,45698.25,41887.02
2020-11-23,2020,11,Nov,45978.45,42143.85
2020-11-24,2020,11,Nov,45949.35,42117.17
2020-11-25,2020,11,Nov,45978.88,42144.24
2020-11-26,2020,11,Nov,46162.61,42312.65
2020-11-27,2020,11,Nov,45904.16,42075.75
2020-11-28,2020,11,Nov,46057.08,42215.92
2020-11-29,2020,11,Nov,46560.45,42677.31
2020-11-30,2020,11,Nov,46293.74,42432.84
2020-12-01,2020,12,Dec,43976.88,40309.21
2020-12-02,2020,12,Dec,44170.87,40487.02
2020-12-03,2020,12,Dec,44132.27,40451.64
2020-12-04,2020,12,Dec,44469.59,40760.83
2020-12-05,2020,12,Dec,44609.38,40888.96
2020-12-06,2020,12,Dec,43894.61,40233.8
2020-12-07,2020,12,Dec,44163.86,40480.59
2020-12-08,2020,12,Dec,44337.39,40639.65
2020-12-09,2020,12,Dec,44729.33,40998.9
2020-12-10,2020,12,Dec,44058.56,40384.08
2020-12-11,2020,12,Dec,44571.44,40854.18
2020-12-12,2020,12,Dec,44211.61,40524.36
2020-12-13,2020,12,Dec,44897.67,41153.2
2020-12-14,2020,12,Dec,44779.55,41044.94
2020-12-15,2020,12,Dec,44953.74,41204.6
2020-12-16,2020,12,Dec,44248.25,40557.95
2020-12-17,2020,12,Dec,44070.97,40395.45
2020-12-18,2020,12,Dec,44590.38,40871.54
2020-12-19,2020,12,Dec,44881.58,41138.46
2020-12-20,2020,12,Dec,45060.91,41302.83
2020-12-21,2020,12,Dec,44493.69,40782.92
2020-12-22,2020,12,Dec,44572.07,40854.76
2020-12-23,2020,12,Dec,44935.59,41187.96
2020-12-24,2020,12,Dec,44270.38,40578.23
2020-12-25,2020,12,Dec,44981.24,41229.8
2020-12-26,2020,12,Dec,44744.29,41012.62
2020-12-27,2020,12,Dec,44379.08,40677.86
2020-12-28,2020,12,Dec,45042.81,41286.24
2020-12-29,2020,12,Dec,44690.91,40963.69
2020-12-30,2020,12,Dec,45325.52,41545.37
2020-12-31,2020,12,Dec,44557.17,40841.1
2021-01-01,2021,1,Jan,45075.59,41316.29
2021-01-02,2021,1,Jan,44852.13,41111.46
2021-01-03,2021,1,Jan,45235.72,41463.06
2021-01-04,2021,1,Jan,44546.86,40831.65
2021-01-05,2021,1,Jan,45033.7,41277.89
2021-01-06,2021,1,Jan,45190.59,41421.69
2021-01-07,2021,1,Jan,44632.68,40910.31
2021-01-08,2021,1,Jan,45016.87,41262.46
2021-01-09,2021,1,Jan,45388.78,41603.36
2021-01-10,2021,1,Jan,45193.73,41424.57
2021-01-11,2021,1,Jan,45267.64,41492.32
2021-01-12,2021,1,Jan,45024.58,41269.53
2021-01-13,2021,1,Jan,44996.2,41243.52
2021-01-14,2021,1,Jan,44965.38,41215.27
2021-01-15,2021,1,Jan,44710.55,40981.69
2021-01-16,2021,1,Jan,44612.19,40891.53
2021-01-17,2021,1,Jan,45169.32,41402.2
2021-01-18,2021,1,Jan,44985.91,41234.09
2021-01-19,2021,1,Jan,45297.51,41519.7
2021-01-20,2021,1,Jan,45783.43,41965.09
2021-01-21,2021,1,Jan,45037.63,41281.49
2021-01-22,2021,1,Jan,44748.39,41016.37
2021-01-23,2021,1,Jan,45152.49,41386.77
2021-01-24,2021,1,Jan,44633.11,40910.71
2021-01-25,2021,1,Jan,45166.25,41399.38
2021-01-26,2021,1,Jan,45384.63,41599.55
2021-01-27,2021,1,Jan,45108.85,41346.77
2021-01-28,2021,1,Jan,45822.2,42000.63
2021-01-29,2021,1,Jan,45720.27,41907.2
2021-01-30,2021,1,Jan,45110.8,41348.56
2021-01-31,2021,1,Jan,45050.7,41293.47
2021-02-01,2021,2,Feb,45627.15,41821.85
2021-02-02,2021,2,Feb,45311.84,41532.83
2021-02-03,2021,2,Feb,45926.47,42096.2
2021-02-04,2021,2,Feb,45545.86,41747.34
2021-02-05,2021,2,Feb,45617.96,41813.42
2021-02-06,2021,2,Feb,44872.47,41130.11
2021-02-07,2021,2,Feb,45796.03,41976.64
2021-02-08,2021,2,Feb,45453.59,41662.76
2021-02-09,2021,2,Feb,45709.64,41897.46
2021-02-10,2021,2,Feb,45713.44,41900.94
2021-02-11,2021,2,Feb,45821.16,41999.68
2021-02-12,2021,2,Feb,45410.92,41623.65
2021-02-13,2021,2,Feb,45483.41,41690.09
2021-02-14,2021,2,Feb,45310.86,41531.93
2021-02-15,2021,2,Feb,45900.35,42072.26
2021-02-16,2021,2,Feb,45832.72,42010.27
2021-02-17,2021,2,Feb,45749.88,41934.34
2021-02-18,2021,2,Feb,45858.25,42033.67
2021-02-19,2021,2,Feb,45801.57,41981.72
2021-02-20,2021,2,Feb,46055.43,42214.41
2021-02-21,2021,2,Feb,45785.49,41966.98
2021-02-22,2021,2,Feb,45716.77,41903.99
2021-02-23,2021,2,Feb,45995.95,42159.89
2021-02-24,2021,2,Feb,45895.49,42067.81
2021-02-25,2021,2,Feb,45999.51,42163.15
2021-02-26,2021,2,Feb,46164.63,42314.5
2021-02-27,2021,2,Feb,45696.9,41885.78
2021-02-28,2021,2,Feb,45938.29,42107.04
2021-03-01,2021,3,Mar,46157.52,42307.98
2021-03-02,2021,3,Mar,46726.81,42829.79
2021-03-03,2021,3,Mar,46163.68,42313.63
2021-03-04,2021,3,Mar,46811.78,42907.68
2021-03-05,2021,3,Mar,46945.34,43030.1
2021-03-06,2021,3,Mar,46709.26,42813.71
2021-03-07,2021,3,Mar,46888.56,42978.05
2021-03-08,2021,3,Mar,46722.46,42825.81
2021-03-09,2021,3,Mar,46502.09,42623.82
2021-03-10,2021,3,Mar,46617.8,42729.88
2021-03-11,2021,3,Mar,46500.8,42622.63
2021-03-12,2021,3,Mar,46520.53,42640.72
2021-03-13,2021,3,Mar,46715.54,42819.46
2021-03-14,2021,3,Mar,46758.65,42858.98
2021-03-15,2021,3,Mar,46222.0,42367.09
2021-03-16,2021,3,Mar,46795.04,42892.33
2021-03-17,2021,3,Mar,46056.88,42215.74
2021-03-18,2021,3,Mar,46708.93,42813.41
2021-03-19,2021,3,Mar,47021.0,43099.45
2021-03-20,2021,3,Mar,46776.59,42875.42
2021-03-21,2021,3,Mar,47068.65,43143.12
2021-03-22,2021,3,Mar,46623.92,42735.49
2021-03-23,2021,3,Mar,47638.04,43665.03
2021-03-24,2021,3,Mar,46641.13,42751.26
2021-03-25,2021,3,Mar,46797.43,42894.52
2021-03-26,2021,3,Mar,47063.79,43138.67
2021-03-27,2021,3,Mar,47091.56,43164.12
2021-03-28,2021,3,Mar,47136.53,43205.34
2021-03-29,2021,3,Mar,47053.48,43129.22
2021-03-30,2021,3,Mar,47438.19,43481.84
2021-03-31,2021,3,Mar,47292.04,43347.88
2021-04-01,2021,4,Apr,47762.57,43779.17
2021-04-02,2021,4,Apr,47504.35,43542.49
2021-04-03,2021,4,Apr,47655.25,43680.8
2021-04-04,2021,4,Apr,47453.62,43495.99
2021-04-05,2021,4,Apr,48032.93,44026.98
2021-04-06,2021,4,Apr,48300.99,44272.69
2021-04-07,2021,4,Apr,47743.64,43761.82
2021-04-08,2021,4,Apr,48199.68,44179.83
2021-04-09,2021,4,Apr,48617.17,44562.5
2021-04-10,2021,4,Apr,47995.43,43992.61
2021-04-11,2021,4,Apr,48507.72,44462.18
2021-04-12,2021,4,Apr,47402.19,43448.85
2021-04-13,2021,4,Apr,48026.34,44020.94
2021-04-14,2021,4,Apr,48016.99,44012.37
2021-04-15,2021,4,Apr,48304.19,44275.62
2021-04-16,2021,4,Apr,48604.59,44550.97
2021-04-17,2021,4,Apr,47633.38,43660.76
2021-04-18,2021,4,Apr,48273.6,44247.58
2021-04-19,2021,4,Apr,47672.03,43696.18
2021-04-20,2021,4,Apr,47617.03,43645.77
2021-04-21,2021,4,Apr,48280.42,44253.83
2021-04-22,2021,4,Apr,47612.73,43641.83
2021-04-23,2021,4,Apr,47899.83,43904.98
2021-04-24,2021,4,Apr,47756.84,43773.92
2021-04-25,2021,4,Apr,47603.84,43633.68
2021-04-26,2021,4,Apr,47603.65,43633.51
2021-04-27,2021,4,Apr,48296.56,44268.63
2021-04-28,2021,4,Apr,48101.74,44090.05
2021-04-29,2021,4,Apr,48418.18,44380.1
2021-04-30,2021,4,Apr,47787.75,43802.25
2021-05-01,2021,5,May,46825.93,42920.65
2021-05-02,2021,5,May,46738.2,42840.23
2021-05-03,2021,5,May,47096.52,43168.67
2021-05-04,2021,5,May,47004.24,43084.09
2021-05-05,2021,5,May,47197.35,43261.09
2021-05-06,2021,5,May,47379.35,43427.91
2021-05-07,2021,5,May,47095.88,43168.08
2021-05-08,2021,5,May,47158.21,43225.22
2021-05-09,2021,5,May,47489.49,43528.87
2021-05-10,2021,5,May,47333.1,43385.52
2021-05-11,2021,5,May,47489.6,43528.97
2021-05-12,2021,5,May,47187.63,43252.18
2021-05-13,2021,5,May,46871.58,42962.49
2021-05-14,2021,5,May,47547.23,43581.79
2021-05-15,2021,5,May,47440.26,43483.74
2021-05-16,2021,5,May,47708.64,43729.74
2021-05-17,2021,5,May,47498.06,43536.72
2021-05-18,2021,5,May,47329.44,43382.16
2021-05-19,2021,5,May,47633.97,43661.3
2021-05-20,2021,5,May,47359.96,43410.14
2021-05-21,2021,5,May,47482.22,43522.2
2021-05-22,2021,5,May,47586.32,43617.62
2021-05-23,2021,5,May,47020.01,43098.54
2021-05-24,2021,5,May,47557.89,43591.56
2021-05-25,2021,5,May,47648.46,43674.58
2021-05-26,2021,5,May,47370.86,43420.13
2021-05-27,2021,5,May,47280.83,43337.61
2021-05-28,2021,5,May,47365.35,43415.08
2021-05-29,2021,5,May,47485.07,43524.82
2021-05-30,2021,5,May,47333.38,43385.78
2021-05-31,2021,5,May,47322.41,43375.72
2021-06-01,2021,6,Jun,47231.4,43292.3
2021-06-02,2021,6,Jun,47289.97,43345.99
2021-06-03,2021,6,Jun,47229.44,43290.5
2021-06-04,2021,6,Jun,47463.89,43505.4
2021-06-05,2021,6,Jun,47604.71,43634.48
2021-06-06,2021,6,Jun,47239.5,43299.73
2021-06-07,2021,6,Jun,47876.21,43883.33
2021-06-08,2021,6,Jun,47569.38,43602.09
2021-06-09,2021,6,Jun,47961.21,43961.25
2021-06-10,2021,6,Jun,47131.29,43200.54
2021-06-11,2021,6,Jun,48087.49,44076.99
2021-06-12,2021,6,Jun,47954.68,43955.26
2021-06-13,2021,6,Jun,47854.68,43863.6
2021-06-14,2021,6,Jun,48267.59,44242.07
2021-06-15,2021,6,Jun,47409.58,43455.62
2021-06-16,2021,6,Jun,47876.57,43883.66
2021-06-17,2021,6,Jun,47914.5,43918.43
2021-06-18,2021,6,Jun,47938.49,43940.42
2021-06-19,2021,6,Jun,47125.34,43195.09
2021-06-20,2021,6,Jun,47711.61,43732.46
2021-06-21,2021,6,Jun,47594.47,43625.09
2021-06-22,2021,6,Jun,48174.65,44156.88
2021-06-23,2021,6,Jun,47771.6,43787.45
2021-06-24,2021,6,Jun,48886.0,44808.91
2021-06-25,2021,6,Jun,48151.53,44135.69
2021-06-26,2021,6,Jun,48070.67,44061.58
2021-06-27,2021,6,Jun,48173.68,44156.0
2021-06-28,2021,6,Jun,47937.24,43939.27
2021-06-29,2021,6,Jun,48267.71,44242.18
2021-06-30,2021,6,Jun,48010.07,44006.03
2021-07-01,2021,7,Jul,48000.09,43996.88
2021-07-02,2021,7,Jul,48244.41,44220.83
2021-07-03,2021,7,Jul,48023.11,44017.98
2021-07-04,2021,7,Jul,48423.97,44385.41
2021-07-05,2021,7,Jul,48459.81,44418.26
2021-07-06,2021,7,Jul,48480.01,44436.78
2021-07-07,2021,7,Jul,48372.51,44338.24
2021-07-08,2021,7,Jul,48303.29,44274.8
2021-07-09,2021,7,Jul,48530.67,44483.21
2021-07-10,2021,7,Jul,48125.23,44111.59
2021-07-11,2021,7,Jul,48228.78,44206.5
2021-07-12,2021,7,Jul,48249.27,44225.28
2021-07-13,2021,7,Jul,48388.35,44352.76
2021-07-14,2021,7,Jul,48525.23,44478.23
2021-07-15,2021,7,Jul,48555.81,44506.26
2021-07-16,2021,7,Jul,48293.04,44265.4
2021-07-17,2021,7,Jul,48882.44,44805.64
2021-07-18,2021,7,Jul,48725.79,44662.06
2021-07-19,2021,7,Jul,48671.28,44612.1
2021-07-20,2021,7,Jul,48785.63,44716.91
2021-07-21,2021,7,Jul,48787.49,44718.61
2021-07-22,2021,7,Jul,48177.16,44159.18
2021-07-23,2021,7,Jul,48540.38,44492.11
2021-07-24,2021,7,Jul,48746.61,44681.14
2021-07-25,2021,7,Jul,48915.38,44835.84
2021-07-26,2021,7,Jul,48558.12,44508.37
2021-07-27,2021,7,Jul,48914.93,44835.42
2021-07-28,2021,7,Jul,48975.07,44890.55
2021-07-29,2021,7,Jul,48571.13,44520.3
2021-07-30,2021,7,Jul,48818.45,44746.99
2021-07-31,2021,7,Jul,49301.9,45190.12
2021-08-01,2021,8,Aug,49010.37,44922.91
2021-08-02,2021,8,Aug,49007.31,44920.1
2021-08-03,2021,8,Aug,48799.63,44729.74
2021-08-04,2021,8,Aug,49047.49,44956.93
2021-08-05,2021,8,Aug,48219.56,44198.05
2021-08-06,2021,8,Aug,49025.88,44937.12
2021-08-07,2021,8,Aug,48603.07,44549.57
2021-08-08,2021,8,Aug,48323.14,44292.99
2021-08-09,2021,8,Aug,49245.32,45138.26
2021-08-10,2021,8,Aug,49151.21,45052.0
2021-08-11,2021,8,Aug,49000.04,44913.44
2021-08-12,2021,8,Aug,48916.78,44837.12
2021-08-13,2021,8,Aug,49315.09,45202.21
2021-08-14,2021,8,Aug,48951.62,44869.05
2021-08-15,2021,8,Aug,48733.6,44669.22
2021-08-16,2021,8,Aug,49400.75,45280.73
2021-08-17,2021,8,Aug,48619.71,44564.83
2021-08-18,2021,8,Aug,49283.75,45173.49
2021-08-19,2021,8,Aug,49582.96,45447.74
2021-08-20,2021,8,Aug,49300.22,45188.58
2021-08-21,2021,8,Aug,49087.62,44993.71
2021-08-22,2021,8,Aug,49515.18,45385.61
2021-08-23,2021,8,Aug,49574.31,45439.81
2021-08-24,2021,8,Aug,49034.86,44945.35
2021-08-25,2021,8,Aug,49041.84,44951.75
2021-08-26,2021,8,Aug,48995.91,44909.65
2021-08-27,2021,8,Aug,49004.44,44917.47
2021-08-28,2021,8,Aug,49473.76,45347.65
2021-08-29,2021,8,Aug,48748.27,44682.66
2021-08-30,2021,8,Aug,49312.35,45199.7
2021-08-31,2021,8,Aug,49520.11,45390.13
2021-09-01,2021,9,Sep,49622.29,45483.79
2021-09-02,2021,9,Sep,50004.84,45834.44
2021-09-03,2021,9,Sep,49771.5,45620.56
2021-09-04,2021,9,Sep,50226.34,46037.46
2021-09-05,2021,9,Sep,49501.43,45373.01
2021-09-06,2021,9,Sep,49832.62,45676.58
2021-09-07,2021,9,Sep,50024.24,45852.22
2021-09-08,2021,9,Sep,50264.45,46072.39
2021-09-09,2021,9,Sep,49668.56,45526.2
2021-09-10,2021,9,Sep,50303.47,46108.16
2021-09-11,2021,9,Sep,49836.98,45680.58
2021-09-12,2021,9,Sep,50322.75,46125.83
2021-09-13,2021,9,Sep,50032.44,45859.73
2021-09-14,2021,9,Sep,50573.28,46355.47
2021-09-15,2021,9,Sep,50150.82,45968.24
2021-09-16,2021,9,Sep,50055.87,45881.21
2021-09-17,2021,9,Sep,50289.75,46095.58
2021-09-18,2021,9,Sep,50396.42,46193.36
2021-09-19,2021,9,Sep,49836.63,45680.26
2021-09-20,2021,9,Sep,50115.71,45936.06
2021-09-21,2021,9,Sep,50499.1,46287.48
2021-09-22,2021,9,Sep,50562.87,46345.93
2021-09-23,2021,9,Sep,50174.33,45989.79
2021-09-24,2021,9,Sep,50696.76,46468.65
2021-09-25,2021,9,Sep,49984.55,45815.84
2021-09-26,2021,9,Sep,50662.44,46437.19
2021-09-27,2021,9,Sep,50409.44,46205.29
2021-09-28,2021,9,Sep,50191.75,46005.76
2021-09-29,2021,9,Sep,50302.12,46106.92
2021-09-30,2021,9,Sep,50788.62,46552.85
2021-10-01,2021,10,Oct,51516.89,47220.38
2021-10-02,2021,10,Oct,52281.01,47920.77
2021-10-03,2021,10,Oct,52010.13,47672.49
2021-10-04,2021,10,Oct,52139.81,47791.35
2021-10-05,2021,10,Oct,51852.14,47527.67
2021-10-06,2021,10,Oct,51857.84,47532.9
2021-10-07,2021,10,Oct,51916.7,47586.85
2021-10-08,2021,10,Oct,52414.92,48043.52
2021-10-09,2021,10,Oct,52265.72,47906.76
2021-10-10,2021,10,Oct,52320.72,47957.17
2021-10-11,2021,10,Oct,51951.58,47618.82
2021-10-12,2021,10,Oct,51872.84,47546.65
2021-10-13,2021,10,Oct,52465.97,48090.31
2021-10-14,2021,10,Oct,52001.24,47664.34
2021-10-15,2021,10,Oct,52504.71,48125.82
2021-10-16,2021,10,Oct,51924.77,47594.24
2021-10-17,2021,10,Oct,52250.11,47892.45
2021-10-18,2021,10,Oct,52466.52,48090.81
2021-10-19,2021,10,Oct,52360.11,47993.28
2021-10-20,2021,10,Oct,52313.87,47950.89
2021-10-21,2021,10,Oct,52098.06,47753.08
2021-10-22,2021,10,Oct,52030.62,47691.27
2021-10-23,2021,10,Oct,52376.73,48008.51
2021-10-24,2021,10,Oct,52302.99,47940.92
2021-10-25,2021,10,Oct,52492.38,48114.52
2021-10-26,2021,10,Oct,52976.13,48557.92
2021-10-27,2021,10,Oct,52521.82,48141.5
2021-10-28,2021,10,Oct,52348.26,47982.42
2021-10-29,2021,10,Oct,52756.52,48356.63
2021-10-30,2021,10,Oct,52394.85,48025.12
2021-10-31,2021,10,Oct,51537.0,47238.81
2021-11-01,2021,11,Nov,53159.51,48726.01
2021-11-02,2021,11,Nov,52805.09,48401.15
2021-11-03,2021,11,Nov,52290.28,47929.27
2021-11-04,2021,11,Nov,52635.68,48245.86
2021-11-05,2021,11,Nov,52782.71,48380.63
2021-11-06,2021,11,Nov,52455.3,48080.53
2021-11-07,2021,11,Nov,53167.05,48732.92
2021-11-08,2021,11,Nov,52848.45,48440.89
2021-11-09,2021,11,Nov,52874.22,48464.51
2021-11-10,2021,11,Nov,53192.56,48756.3
2021-11-11,2021,11,Nov,52812.61,48408.04
2021-11-12,2021,11,Nov,53260.15,48818.25
2021-11-13,2021,11,Nov,52838.13,48431.43
2021-11-14,2021,11,Nov,53011.01,48589.89
2021-11-15,2021,11,Nov,53223.59,48784.74
2021-11-16,2021,11,Nov,52499.2,48120.77
2021-11-17,2021,11,Nov,52740.09,48341.57
2021-11-18,2021,11,Nov,52760.9,48360.64
2021-11-19,2021,11,Nov,53076.83,48650.22
2021-11-20,2021,11,Nov,52775.36,48373.89
2021-11-21,2021,11,Nov,52700.41,48305.2
2021-11-22,2021,11,Nov,53096.71,48668.44
2021-11-23,2021,11,Nov,52645.02,48254.43
2021-11-24,2021,11,Nov,53264.6,48822.33
2021-11-25,2021,11,Nov,53147.43,48714.93
2021-11-26,2021,11,Nov,52498.75,48120.35
2021-11-27,2021,11,Nov,52857.88,48449.53
2021-11-28,2021,11,Nov,53320.52,48873.59
2021-11-29,2021,11,Nov,52868.19,48458.98
2021-11-30,2021,11,Nov,53016.19,48594.64
2021-12-01,2021,12,Dec,51011.16,46756.83
2021-12-02,2021,12,Dec,50977.05,46725.56
2021-12-03,2021,12,Dec,50774.07,46539.51
2021-12-04,2021,12,Dec,51121.67,46858.12
2021-12-05,2021,12,Dec,51324.02,47043.6
2021-12-06,2021,12,Dec,51126.48,46862.53
2021-12-07,2021,12,Dec,51103.67,46841.62
2021-12-08,2021,12,Dec,50703.77,46475.08
2021-12-09,2021,12,Dec,51323.75,47043.35
2021-12-10,2021,12,Dec,50746.65,46514.38
2021-12-11,2021,12,Dec,50822.25,46583.67
2021-12-12,2021,12,Dec,51645.91,47338.64
2021-12-13,2021,12,Dec,50715.94,46486.23
2021-12-14,2021,12,Dec,50770.68,46536.41
2021-12-15,2021,12,Dec,50769.61,46535.42
2021-12-16,2021,12,Dec,50605.1,46384.63
2021-12-17,2021,12,Dec,51478.95,47185.61
2021-12-18,2021,12,Dec,51741.61,47426.36
2021-12-19,2021,12,Dec,51198.54,46928.58
2021-12-20,2021,12,Dec,51307.3,47028.27
2021-12-21,2021,12,Dec,51449.84,47158.92
2021-12-22,2021,12,Dec,51667.49,47358.42
2021-12-23,2021,12,Dec,51500.84,47205.67
2021-12-24,2021,12,Dec,51716.67,47403.5
2021-12-25,2021,12,Dec,51233.9,46960.99
2021-12-26,2021,12,Dec,52080.57,47737.05
2021-12-27,2021,12,Dec,51279.54,47002.83
2021-12-28,2021,12,Dec,51646.11,47338.82
2021-12-29,2021,12,Dec,51577.65,47276.07
2021-12-30,2021,12,Dec,51714.59,47401.59
2021-12-31,2021,12,Dec,51847.3,47523.24
2022-01-01,2022,1,Jan,51586.12,47283.84
2022-01-02,2022,1,Jan,51526.76,47229.43
2022-01-03,2022,1,Jan,51977.76,47642.81
2022-01-04,2022,1,Jan,51018.15,46763.24
2022-01-05,2022,1,Jan,52510.3,48130.94
2022-01-06,2022,1,Jan,52114.68,47768.32
2022-01-07,2022,1,Jan,51756.51,47440.02
2022-01-08,2022,1,Jan,51987.8,47652.02
2022-01-09,2022,1,Jan,51654.51,47346.52
2022-01-10,2022,1,Jan,51621.01,47315.82
2022-01-11,2022,1,Jan,51879.69,47552.92
2022-01-12,2022,1,Jan,51706.15,47393.86
2022-01-13,2022,1,Jan,51527.0,47229.65
2022-01-14,2022,1,Jan,51911.42,47582.01
2022-01-15,2022,1,Jan,52037.66,47697.72
2022-01-16,2022,1,Jan,52275.12,47915.37
2022-01-17,2022,1,Jan,51821.64,47499.72
2022-01-18,2022,1,Jan,51619.69,47314.61
2022-01-19,2022,1,Jan,51872.23,47546.09
2022-01-20,2022,1,Jan,51765.17,47447.95
2022-01-21,2022,1,Jan,51884.76,47557.57
2022-01-22,2022,1,Jan,52482.13,48105.12
2022-01-23,2022,1,Jan,52024.2,47685.38
2022-01-24,2022,1,Jan,52137.45,47789.19
2022-01-25,2022,1,Jan,52208.12,47853.96
2022-01-26,2022,1,Jan,52272.5,47912.97
2022-01-27,2022,1,Jan,52115.84,47769.38
2022-01-28,2022,1,Jan,52178.84,47827.12
2022-01-29,2022,1,Jan,52248.71,47891.17
2022-01-30,2022,1,Jan,52150.4,47801.06
2022-01-31,2022,1,Jan,51988.57,47652.72
2022-02-01,2022,2,Feb,52347.19,47981.43
2022-02-02,2022,2,Feb,52208.45,47854.27
2022-02-03,2022,2,Feb,52156.6,47806.74
2022-02-04,2022,2,Feb,51945.12,47612.9
2022-02-05,2022,2,Feb,52987.61,48568.44
2022-02-06,2022,2,Feb,52453.31,48078.7
2022-02-07,2022,2,Feb,52122.46,47775.45
2022-02-08,2022,2,Feb,52076.81,47733.6
2022-02-09,2022,2,Feb,52576.38,48191.51
2022-02-10,2022,2,Feb,52150.61,47801.25
2022-02-11,2022,2,Feb,52961.33,48544.36
2022-02-12,2022,2,Feb,52551.06,48168.3
2022-02-13,2022,2,Feb,52024.33,47685.5
2022-02-14,2022,2,Feb,52032.46,47692.95
2022-02-15,2022,2,Feb,52527.77,48146.95
2022-02-16,2022,2,Feb,52600.02,48213.18
2022-02-17,2022,2,Feb,52113.14,47766.9
2022-02-18,2022,2,Feb,52620.9,48232.32
2022-02-19,2022,2,Feb,52133.96,47785.99
2022-02-20,2022,2,Feb,52082.8,47739.09
2022-02-21,2022,2,Feb,52332.55,47968.02
2022-02-22,2022,2,Feb,52232.55,47876.36
2022-02-23,2022,2,Feb,52865.83,48456.82
2022-02-24,2022,2,Feb,52093.6,47748.99
2022-02-25,2022,2,Feb,52153.08,47803.51
2022-02-26,2022,2,Feb,52817.2,48412.25
2022-02-27,2022,2,Feb,52878.44,48468.38
2022-02-28,2022,2,Feb,52758.73,48358.65
2022-03-01,2022,3,Mar,53446.49,48989.05
2022-03-02,2022,3,Mar,53550.52,49084.41
2022-03-03,2022,3,Mar,53167.93,48733.72
2022-03-04,2022,3,Mar,53412.47,48957.87
2022-03-05,2022,3,Mar,53681.14,49204.13
2022-03-06,2022,3,Mar,53378.01,48926.28
2022-03-07,2022,3,Mar,53909.78,49413.7
2022-03-08,2022,3,Mar,53107.6,48678.43
2022-03-09,2022,3,Mar,53023.28,48601.14
2022-03-10,2022,3,Mar,53180.96,48745.67
2022-03-11,2022,3,Mar,53946.62,49447.47
2022-03-12,2022,3,Mar,53571.75,49103.87
2022-03-13,2022,3,Mar,54008.29,49504.0
2022-03-14,2022,3,Mar,53483.59,49023.06
2022-03-15,2022,3,Mar,54098.16,49586.37
2022-03-16,2022,3,Mar,53669.57,49193.53
2022-03-17,2022,3,Mar,53675.0,49198.5
2022-03-18,2022,3,Mar,53614.83,49143.35
2022-03-19,2022,3,Mar,54129.15,49614.78
2022-03-20,2022,3,Mar,53723.42,49242.89
2022-03-21,2022,3,Mar,54227.53,49704.95
2022-03-22,2022,3,Mar,53664.98,49189.32
2022-03-23,2022,3,Mar,54125.12,49611.08
2022-03-24,2022,3,Mar,53794.55,49308.08
2022-03-25,2022,3,Mar,53399.53,48946.01
2022-03-26,2022,3,Mar,53756.68,49273.37
2022-03-27,2022,3,Mar,53699.32,49220.8
2022-03-28,2022,3,Mar,53931.92,49434.0
2022-03-29,2022,3,Mar,53629.8,49157.07
2022-03-30,2022,3,Mar,53880.22,49386.61
2022-03-31,2022,3,Mar,54215.03,49693.5
2022-04-01,2022,4,Apr,54576.45,50024.77
2022-04-02,2022,4,Apr,54381.6,49846.17
2022-04-03,2022,4,Apr,54250.0,49725.55
2022-04-04,2022,4,Apr,54573.48,50022.05
2022-04-05,2022,4,Apr,54109.83,49597.07
2022-04-06,2022,4,Apr,54010.34,49505.88
2022-04-07,2022,4,Apr,54870.78,50294.56
2022-04-08,2022,4,Apr,55028.32,50438.96
2022-04-09,2022,4,Apr,54788.77,50219.39
2022-04-10,2022,4,Apr,54733.55,50168.77
2022-04-11,2022,4,Apr,54545.63,49996.52
2022-04-12,2022,4,Apr,54723.5,50159.56
2022-04-13,2022,4,Apr,54850.94,50276.37
2022-04-14,2022,4,Apr,54729.74,50165.28
2022-04-15,2022,4,Apr,55058.57,50466.69
2022-04-16,2022,4,Apr,54450.99,49909.78
2022-04-17,2022,4,Apr,54920.22,50339.87
2022-04-18,2022,4,Apr,54922.04,50341.54
2022-04-19,2022,4,Apr,54837.63,50264.17
2022-04-20,2022,4,Apr,54629.41,50073.32
2022-04-21,2022,4,Apr,54897.89,50319.41
2022-04-22,2022,4,Apr,55680.63,51036.87
2022-04-23,2022,4,Apr,54733.75,50168.96
2022-04-24,2022,4,Apr,54102.53,49590.38
2022-04-25,2022,4,Apr,54988.36,50402.33
2022-04-26,2022,4,Apr,55070.03,50477.19
2022-04-27,2022,4,Apr,54776.5,50208.14
2022-04-28,2022,4,Apr,54909.69,50330.22
2022-04-29,2022,4,Apr,55304.69,50692.28
2022-04-30,2022,4,Apr,55236.93,50630.17
2022-05-01,2022,5,May,54077.11,49567.08
2022-05-02,2022,5,May,53514.64,49051.52
2022-05-03,2022,5,May,53897.55,49402.49
2022-05-04,2022,5,May,53537.29,49072.28
2022-05-05,2022,5,May,54218.27,49696.47
2022-05-06,2022,5,May,53771.49,49286.95
2022-05-07,2022,5,May,53908.61,49412.63
2022-05-08,2022,5,May,53971.0,49469.82
2022-05-09,2022,5,May,53979.49,49477.6
2022-05-10,2022,5,May,54366.96,49832.76
2022-05-11,2022,5,May,53869.55,49376.83
2022-05-12,2022,5,May,53432.35,48976.09
2022-05-13,2022,5,May,54014.37,49509.57
2022-05-14,2022,5,May,54353.58,49820.49
2022-05-15,2022,5,May,53760.19,49276.59
2022-05-16,2022,5,May,53532.75,49068.12
2022-05-17,2022,5,May,54066.0,49556.9
2022-05-18,2022,5,May,54085.27,49574.56
2022-05-19,2022,5,May,53906.07,49410.3
2022-05-20,2022,5,May,54497.9,49952.78
2022-05-21,2022,5,May,54259.15,49733.94
2022-05-22,2022,5,May,54066.05,49556.94
2022-05-23,2022,5,May,54286.02,49758.57
2022-05-24,2022,5,May,54363.63,49829.7
2022-05-25,2022,5,May,54372.04,49837.41
2022-05-26,2022,5,May,54124.46,49610.48
2022-05-27,2022,5,May,53779.03,49293.86
2022-05-28,2022,5,May,54397.08,49860.36
2022-05-29,2022,5,May,54381.26,49845.86
2022-05-30,2022,5,May,54794.93,50225.03
2022-05-31,2022,5,May,54733.19,50168.44
2022-06-01,2022,6,Jun,54494.16,49949.35
2022-06-02,2022,6,Jun,54555.45,50005.53
2022-06-03,2022,6,Jun,54646.89,50089.34
2022-06-04,2022,6,Jun,54757.49,50190.72
2022-06-05,2022,6,Jun,54471.07,49928.18
2022-06-06,2022,6,Jun,54254.91,49730.05
2022-06-07,2022,6,Jun,54072.02,49562.41
2022-06-08,2022,6,Jun,54984.98,50399.23
2022-06-09,2022,6,Jun,54412.71,49874.69
2022-06-10,2022,6,Jun,54528.75,49981.05
2022-06-11,2022,6,Jun,54926.86,50345.96
2022-06-12,2022,6,Jun,54665.25,50106.17
2022-06-13,2022,6,Jun,54946.31,50363.79
2022-06-14,2022,6,Jun,54885.16,50307.74
2022-06-15,2022,6,Jun,54144.46,49628.81
2022-06-16,2022,6,Jun,54954.39,50371.19
2022-06-17,2022,6,Jun,54047.8,49540.21
2022-06-18,2022,6,Jun,55393.52,50773.7
2022-06-19,2022,6,Jun,54353.13,49820.08
2022-06-20,2022,6,Jun,55247.79,50640.12
2022-06-21,2022,6,Jun,54535.48,49987.22
2022-06-22,2022,6,Jun,55094.04,50499.2
2022-06-23,2022,6,Jun,54774.52,50206.33
2022-06-24,2022,6,Jun,54821.75,50249.62
2022-06-25,2022,6,Jun,54758.1,50191.27
2022-06-26,2022,6,Jun,54750.55,50184.35
2022-06-27,2022,6,Jun,54691.97,50130.66
2022-06-28,2022,6,Jun,54741.37,50175.94
2022-06-29,2022,6,Jun,55143.01,50544.08
2022-06-30,2022,6,Jun,54969.84,50385.36
2022-07-01,2022,7,Jul,55429.8,50806.95
2022-07-02,2022,7,Jul,55183.35,50581.06
2022-07-03,2022,7,Jul,54868.97,50292.9
2022-07-04,2022,7,Jul,54826.67,50254.13
2022-07-05,2022,7,Jul,54971.26,50386.66
2022-07-06,2022,7,Jul,55214.84,50609.92
2022-07-07,2022,7,Jul,55402.62,50782.04
2022-07-08,2022,7,Jul,54536.7,49988.34
2022-07-09,2022,7,Jul,55101.13,50505.7
2022-07-10,2022,7,Jul,55410.95,50789.68
2022-07-11,2022,7,Jul,55124.78,50527.37
2022-07-12,2022,7,Jul,55084.19,50490.17
2022-07-13,2022,7,Jul,55531.56,50900.23
2022-07-14,2022,7,Jul,55188.19,50585.49
2022-07-15,2022,7,Jul,55168.33,50567.29
2022-07-16,2022,7,Jul,55019.67,50431.03
2022-07-17,2022,7,Jul,55169.4,50568.27
2022-07-18,2022,7,Jul,55113.05,50516.62
2022-07-19,2022,7,Jul,55334.26,50719.38
2022-07-20,2022,7,Jul,54975.87,50390.88
2022-07-21,2022,7,Jul,55324.98,50710.88
2022-07-22,2022,7,Jul,55161.34,50560.88
2022-07-23,2022,7,Jul,54828.3,50255.62
2022-07-24,2022,7,Jul,55121.19,50524.08
2022-07-25,2022,7,Jul,55605.66,50968.15
2022-07-26,2022,7,Jul,56076.48,51399.7
2022-07-27,2022,7,Jul,55212.63,50607.9
2022-07-28,2022,7,Jul,55801.88,51148.0
2022-07-29,2022,7,Jul,55283.73,50673.07
2022-07-30,2022,7,Jul,56086.98,51409.33
2022-07-31,2022,7,Jul,55821.49,51165.98
2022-08-01,2022,8,Aug,55653.34,51011.85
2022-08-02,2022,8,Aug,55031.56,50441.93
2022-08-03,2022,8,Aug,55563.32,50929.34
2022-08-04,2022,8,Aug,56066.41,51390.47
2022-08-05,2022,8,Aug,55696.95,51051.82
2022-08-06,2022,8,Aug,55551.73,50918.72
2022-08-07,2022,8,Aug,56046.03,51371.79
2022-08-08,2022,8,Aug,55227.96,50621.95
2022-08-09,2022,8,Aug,55674.24,51031.01
2022-08-10,2022,8,Aug,56084.89,51407.41
2022-08-11,2022,8,Aug,55416.91,50795.14
2022-08-12,2022,8,Aug,55884.71,51223.93
2022-08-13,2022,8,Aug,55555.84,50922.48
2022-08-14,2022,8,Aug,55550.92,50917.97
2022-08-15,2022,8,Aug,55943.72,51278.01
2022-08-16,2022,8,Aug,55713.16,51066.68
2022-08-17,2022,8,Aug,55881.1,51220.62
2022-08-18,2022,8,Aug,56415.29,51710.25
2022-08-19,2022,8,Aug,55627.86,50988.5
2022-08-20,2022,8,Aug,55348.66,50732.58
2022-08-21,2022,8,Aug,56261.87,51569.63
2022-08-22,2022,8,Aug,55840.91,51183.78
2022-08-23,2022,8,Aug,56097.16,51418.66
2022-08-24,2022,8,Aug,56213.37,51525.17
2022-08-25,2022,8,Aug,56109.55,51430.01
2022-08-26,2022,8,Aug,55895.05,51233.4
2022-08-27,2022,8,Aug,56046.6,51372.31
2022-08-28,2022,8,Aug,55731.1,51083.13
2022-08-29,2022,8,Aug,55868.94,51209.47
2022-08-30,2022,8,Aug,55704.75,51058.97
2022-08-31,2022,8,Aug,56378.96,51676.95
2022-09-01,2022,9,Sep,56961.91,52211.29
2022-09-02,2022,9,Sep,56768.66,52034.15
2022-09-03,2022,9,Sep,57035.08,52278.35
2022-09-04,2022,9,Sep,56781.81,52046.21
2022-09-05,2022,9,Sep,57006.43,52252.09
2022-09-06,2022,9,Sep,56605.97,51885.03
2022-09-07,2022,9,Sep,56758.58,52024.91
2022-09-08,2022,9,Sep,56574.68,51856.35
2022-09-09,2022,9,Sep,56908.72,52162.53
2022-09-10,2022,9,Sep,57645.74,52838.09
2022-09-11,2022,9,Sep,57344.36,52561.84
2022-09-12,2022,9,Sep,57337.59,52555.63
2022-09-13,2022,9,Sep,57004.6,52250.42
2022-09-14,2022,9,Sep,56623.33,51900.94
2022-09-15,2022,9,Sep,57337.61,52555.65
2022-09-16,2022,9,Sep,56713.29,51983.4
2022-09-17,2022,9,Sep,56919.01,52171.96
2022-09-18,2022,9,Sep,57288.27,52510.43
2022-09-19,2022,9,Sep,56690.04,51962.09
2022-09-20,2022,9,Sep,57023.12,52267.39
2022-09-21,2022,9,Sep,57212.66,52441.12
2022-09-22,2022,9,Sep,57816.4,52994.51
2022-09-23,2022,9,Sep,57135.69,52370.57
2022-09-24,2022,9,Sep,56986.38,52233.72
2022-09-25,2022,9,Sep,56796.45,52059.63
2022-09-26,2022,9,Sep,57314.46,52534.43
2022-09-27,2022,9,Sep,57696.68,52884.78
2022-09-28,2022,9,Sep,57417.0,52628.42
2022-09-29,2022,9,Sep,57139.47,52374.04
2022-09-30,2022,9,Sep,57230.41,52457.39
2022-10-01,2022,10,Oct,58470.55,53594.11
2022-10-02,2022,10,Oct,59180.95,54245.26
2022-10-03,2022,10,Oct,58307.71,53444.85
2022-10-04,2022,10,Oct,58333.49,53468.48
2022-10-05,2022,10,Oct,59297.88,54352.44
2022-10-06,2022,10,Oct,58566.28,53681.85
2022-10-07,2022,10,Oct,58551.83,53668.61
2022-10-08,2022,10,Oct,58204.57,53350.31
2022-10-09,2022,10,Oct,58843.28,53935.75
2022-10-10,2022,10,Oct,58624.53,53735.24
2022-10-11,2022,10,Oct,58663.16,53770.65
2022-10-12,2022,10,Oct,58482.85,53605.38
2022-10-13,2022,10,Oct,59042.09,54117.98
2022-10-14,2022,10,Oct,59373.31,54421.58
2022-10-15,2022,10,Oct,59191.71,54255.12
2022-10-16,2022,10,Oct,58758.26,53857.82
2022-10-17,2022,10,Oct,59102.23,54173.1
2022-10-18,2022,10,Oct,58802.64,53898.5
2022-10-19,2022,10,Oct,58953.79,54037.04
2022-10-20,2022,10,Oct,59105.39,54176.0
2022-10-21,2022,10,Oct,59045.82,54121.4
2022-10-22,2022,10,Oct,59033.25,54109.88
2022-10-23,2022,10,Oct,59232.84,54292.82
2022-10-24,2022,10,Oct,59074.03,54147.26
2022-10-25,2022,10,Oct,59033.64,54110.23
2022-10-26,2022,10,Oct,58896.68,53984.7
2022-10-27,2022,10,Oct,59068.77,54142.43
2022-10-28,2022,10,Oct,58714.93,53818.1
2022-10-29,2022,10,Oct,58420.35,53548.09
2022-10-30,2022,10,Oct,59279.17,54335.29
2022-10-31,2022,10,Oct,59499.78,54537.5
2022-11-01,2022,11,Nov,59516.2,54552.55
2022-11-02,2022,11,Nov,59119.74,54189.15
2022-11-03,2022,11,Nov,59836.25,54845.91
2022-11-04,2022,11,Nov,59397.76,54443.99
2022-11-05,2022,11,Nov,59910.4,54913.87
2022-11-06,2022,11,Nov,59261.98,54319.53
2022-11-07,2022,11,Nov,59596.32,54625.99
2022-11-08,2022,11,Nov,59814.15,54825.65
2022-11-09,2022,11,Nov,59725.23,54744.15
2022-11-10,2022,11,Nov,59717.51,54737.07
2022-11-11,2022,11,Nov,59223.28,54284.06
2022-11-12,2022,11,Nov,59461.17,54502.11
2022-11-13,2022,11,Nov,59411.67,54456.74
2022-11-14,2022,11,Nov,59504.14,54541.49
2022-11-15,2022,11,Nov,59626.11,54653.29
2022-11-16,2022,11,Nov,59509.88,54546.76
2022-11-17,2022,11,Nov,59471.66,54511.72
2022-11-18,2022,11,Nov,59990.24,54987.05
2022-11-19,2022,11,Nov,59367.84,54416.56
2022-11-20,2022,11,Nov,59836.5,54846.14
2022-11-21,2022,11,Nov,59619.91,54647.61
2022-11-22,2022,11,Nov,59784.38,54798.36
2022-11-23,2022,11,Nov,59460.88,54501.84
2022-11-24,2022,11,Nov,59777.04,54791.63
2022-11-25,2022,11,Nov,59820.36,54831.34
2022-11-26,2022,11,Nov,59776.76,54791.38
2022-11-27,2022,11,Nov,59201.46,54264.06
2022-11-28,2022,11,Nov,59859.21,54866.95
2022-11-29,2022,11,Nov,59326.93,54379.06
2022-11-30,2022,11,Nov,59723.51,54742.57
2022-12-01,2022,12,Dec,57962.96,53128.85
2022-12-02,2022,12,Dec,58066.66,53223.9
2022-12-03,2022,12,Dec,58020.98,53182.03
2022-12-04,2022,12,Dec,57823.4,53000.93
2022-12-05,2022,12,Dec,58189.39,53336.39
2022-12-06,2022,12,Dec,57481.82,52687.84
2022-12-07,2022,12,Dec,57595.09,52791.66
2022-12-08,2022,12,Dec,58426.23,53553.48
2022-12-09,2022,12,Dec,58002.02,53164.65
2022-12-10,2022,12,Dec,56947.78,52198.34
2022-12-11,2022,12,Dec,58066.45,53223.71
2022-12-12,2022,12,Dec,57714.74,52901.33
2022-12-13,2022,12,Dec,58411.47,53539.95
2022-12-14,2022,12,Dec,57693.73,52882.07
2022-12-15,2022,12,Dec,58289.94,53428.56
2022-12-16,2022,12,Dec,58595.19,53708.35
2022-12-17,2022,12,Dec,58187.26,53334.44
2022-12-18,2022,12,Dec,58180.21,53327.98
2022-12-19,2022,12,Dec,57796.66,52976.42
2022-12-20,2022,12,Dec,58175.13,53323.32
2022-12-21,2022,12,Dec,58379.28,53510.45
2022-12-22,2022,12,Dec,58171.48,53319.98
2022-12-23,2022,12,Dec,58477.38,53600.37
2022-12-24,2022,12,Dec,58419.5,53547.31
2022-12-25,2022,12,Dec,57938.3,53106.25
2022-12-26,2022,12,Dec,58601.85,53714.46
2022-12-27,2022,12,Dec,58420.67,53548.39
2022-12-28,2022,12,Dec,58295.05,53433.24
2022-12-29,2022,12,Dec,58322.81,53458.69
2022-12-30,2022,12,Dec,58137.67,53288.99
2022-12-31,2022,12,Dec,58149.54,53299.87
2023-01-01,2023,1,Jan,58364.91,53497.28
2023-01-02,2023,1,Jan,58080.22,53236.33
2023-01-03,2023,1,Jan,58093.62,53248.61
2023-01-04,2023,1,Jan,58685.29,53790.94
2023-01-05,2023,1,Jan,58744.91,53845.58
2023-01-06,2023,1,Jan,58651.63,53760.08
2023-01-07,2023,1,Jan,58279.61,53419.09
2023-01-08,2023,1,Jan,58920.79,54006.8
2023-01-09,2023,1,Jan,58304.27,53441.69
2023-01-10,2023,1,Jan,58512.36,53632.43
2023-01-11,2023,1,Jan,58683.79,53789.56
2023-01-12,2023,1,Jan,58836.5,53929.54
2023-01-13,2023,1,Jan,58630.45,53740.67
2023-01-14,2023,1,Jan,58594.06,53707.32
2023-01-15,2023,1,Jan,58415.09,53543.27
2023-01-16,2023,1,Jan,58720.7,53823.39
2023-01-17,2023,1,Jan,58605.25,53717.57
2023-01-18,2023,1,Jan,58355.28,53488.45
2023-01-19,2023,1,Jan,58817.99,53912.57
2023-01-20,2023,1,Jan,59216.05,54277.43
2023-01-21,2023,1,Jan,58365.62,53497.93
2023-01-22,2023,1,Jan,59217.46,54278.72
2023-01-23,2023,1,Jan,59157.23,54223.52
2023-01-24,2023,1,Jan,58620.16,53731.24
2023-01-25,2023,1,Jan,59079.72,54152.47
2023-01-26,2023,1,Jan,59334.08,54385.62
2023-01-27,2023,1,Jan,58951.0,54034.49
2023-01-28,2023,1,Jan,59409.07,54454.35
2023-01-29,2023,1,Jan,59042.0,54117.9
2023-01-30,2023,1,Jan,58683.52,53789.31
2023-01-31,2023,1,Jan,59265.64,54322.89
2023-02-01,2023,2,Feb,59265.55,54322.8
2023-02-02,2023,2,Feb,59456.72,54498.03
2023-02-03,2023,2,Feb,59522.32,54558.16
2023-02-04,2023,2,Feb,58956.97,54039.96
2023-02-05,2023,2,Feb,58976.51,54057.87
2023-02-06,2023,2,Feb,59249.43,54308.03
2023-02-07,2023,2,Feb,59771.12,54786.21
2023-02-08,2023,2,Feb,59082.53,54155.05
2023-02-09,2023,2,Feb,58822.73,53916.91
2023-02-10,2023,2,Feb,58990.2,54070.42
2023-02-11,2023,2,Feb,59305.89,54359.78
2023-02-12,2023,2,Feb,58865.98,53956.56
2023-02-13,2023,2,Feb,59024.6,54101.95
2023-02-14,2023,2,Feb,59028.92,54105.91
2023-02-15,2023,2,Feb,59496.29,54534.3
2023-02-16,2023,2,Feb,59763.61,54779.32
2023-02-17,2023,2,Feb,59470.3,54510.48
2023-02-18,2023,2,Feb,59282.07,54337.95
2023-02-19,2023,2,Feb,59542.33,54576.5
2023-02-20,2023,2,Feb,59737.79,54755.66
2023-02-21,2023,2,Feb,59681.0,54703.6
2023-02-22,2023,2,Feb,59307.95,54361.67
2023-02-23,2023,2,Feb,59317.9,54370.79
2023-02-24,2023,2,Feb,59962.59,54961.71
2023-02-25,2023,2,Feb,59458.72,54499.86
2023-02-26,2023,2,Feb,59878.35,54884.5
2023-02-27,2023,2,Feb,59743.88,54761.24
2023-02-28,2023,2,Feb,59403.58,54449.32
2023-03-01,2023,3,Mar,60331.09,55299.48
2023-03-02,2023,3,Mar,60341.54,55309.06
2023-03-03,2023,3,Mar,59778.24,54792.73
2023-03-04,2023,3,Mar,60440.34,55399.62
2023-03-05,2023,3,Mar,59898.75,54903.19
2023-03-06,2023,3,Mar,59750.2,54767.03
2023-03-07,2023,3,Mar,60217.24,55195.12
2023-03-08,2023,3,Mar,60039.31,55032.03
2023-03-09,2023,3,Mar,60606.67,55552.07
2023-03-10,2023,3,Mar,60011.96,55006.96
2023-03-11,2023,3,Mar,60339.1,55306.82
2023-03-12,2023,3,Mar,60347.68,55314.68
2023-03-13,2023,3,Mar,60081.93,55071.1
2023-03-14,2023,3,Mar,60079.34,55068.72
2023-03-15,2023,3,Mar,60517.82,55470.63
2023-03-16,2023,3,Mar,59817.2,54828.45
2023-03-17,2023,3,Mar,60438.77,55398.18
2023-03-18,2023,3,Mar,59753.67,54770.21
2023-03-19,2023,3,Mar,60624.96,55568.84
2023-03-20,2023,3,Mar,60226.71,55203.8
2023-03-21,2023,3,Mar,60433.69,55393.52
2023-03-22,2023,3,Mar,60999.24,55911.9
2023-03-23,2023,3,Mar,60723.76,55659.4
2023-03-24,2023,3,Mar,60499.52,55453.86
2023-03-25,2023,3,Mar,60324.2,55293.16
2023-03-26,2023,3,Mar,61076.58,55982.79
2023-03-27,2023,3,Mar,60655.6,55596.92
2023-03-28,2023,3,Mar,60566.42,55515.18
2023-03-29,2023,3,Mar,60448.42,55407.02
2023-03-30,2023,3,Mar,60897.74,55818.87
2023-03-31,2023,3,Mar,61019.66,55930.62
2023-04-01,2023,4,Apr,60826.36,55753.44
2023-04-02,2023,4,Apr,61143.21,56043.87
2023-04-03,2023,4,Apr,61338.18,56222.58
2023-04-04,2023,4,Apr,61418.34,56296.05
2023-04-05,2023,4,Apr,61020.45,55931.34
2023-04-06,2023,4,Apr,61077.02,55983.2
2023-04-07,2023,4,Apr,61040.19,55949.44
2023-04-08,2023,4,Apr,61387.97,56268.21
2023-04-09,2023,4,Apr,61429.33,56306.12
2023-04-10,2023,4,Apr,61569.8,56434.88
2023-04-11,2023,4,Apr,61131.74,56033.35
2023-04-12,2023,4,Apr,61672.94,56529.42
2023-04-13,2023,4,Apr,61549.44,56416.22
2023-04-14,2023,4,Apr,61221.64,56115.76
2023-04-15,2023,4,Apr,61494.56,56365.91
2023-04-16,2023,4,Apr,61432.47,56309.0
2023-04-17,2023,4,Apr,61728.38,56580.23
2023-04-18,2023,4,Apr,61426.45,56303.48
2023-04-19,2023,4,Apr,61948.88,56782.34
2023-04-20,2023,4,Apr,61427.52,56304.46
2023-04-21,2023,4,Apr,61438.21,56314.26
2023-04-22,2023,4,Apr,61629.56,56489.65
2023-04-23,2023,4,Apr,60897.19,55818.36
2023-04-24,2023,4,Apr,61804.31,56649.83
2023-04-25,2023,4,Apr,61794.35,56640.7
2023-04-26,2023,4,Apr,62514.19,57300.51
2023-04-27,2023,4,Apr,62029.74,56856.46
2023-04-28,2023,4,Apr,62130.16,56948.5
2023-04-29,2023,4,Apr,61569.49,56434.59
2023-04-30,2023,4,Apr,62134.5,56952.48
2023-05-01,2023,5,May,60997.32,55910.14
2023-05-02,2023,5,May,61073.6,55980.06
2023-05-03,2023,5,May,61012.82,55924.35
2023-05-04,2023,5,May,60946.42,55863.49
2023-05-05,2023,5,May,60781.02,55711.88
2023-05-06,2023,5,May,60916.86,55836.39
2023-05-07,2023,5,May,60735.06,55669.76
2023-05-08,2023,5,May,60847.1,55772.45
2023-05-09,2023,5,May,60880.5,55803.07
2023-05-10,2023,5,May,60984.42,55898.32
2023-05-11,2023,5,May,60517.61,55470.44
2023-05-12,2023,5,May,61085.47,55990.94
2023-05-13,2023,5,May,60220.07,55197.72
2023-05-14,2023,5,May,60710.44,55647.19
2023-05-15,2023,5,May,60891.02,55812.71
2023-05-16,2023,5,May,61205.89,56101.32
2023-05-17,2023,5,May,60772.73,55704.28
2023-05-18,2023,5,May,60174.53,55155.97
2023-05-19,2023,5,May,60672.23,55612.17
2023-05-20,2023,5,May,60215.02,55193.09
2023-05-21,2023,5,May,61513.06,56382.87
2023-05-22,2023,5,May,61345.12,56228.94
2023-05-23,2023,5,May,61080.14,55986.06
2023-05-24,2023,5,May,61604.12,56466.34
2023-05-25,2023,5,May,61156.82,56056.34
2023-05-26,2023,5,May,61271.96,56161.88
2023-05-27,2023,5,May,61021.33,55932.15
2023-05-28,2023,5,May,60882.83,55805.2
2023-05-29,2023,5,May,61251.79,56143.39
2023-05-30,2023,5,May,61715.66,56568.57
2023-05-31,2023,5,May,60884.66,55806.88
2023-06-01,2023,6,Jun,61408.87,56287.37
2023-06-02,2023,6,Jun,61025.02,55935.53
2023-06-03,2023,6,Jun,61040.11,55949.36
2023-06-04,2023,6,Jun,61514.45,56384.14
2023-06-05,2023,6,Jun,61647.38,56505.99
2023-06-06,2023,6,Jun,61038.95,55948.3
2023-06-07,2023,6,Jun,61723.75,56575.99
2023-06-08,2023,6,Jun,61142.75,56043.44
2023-06-09,2023,6,Jun,61636.85,56496.34
2023-06-10,2023,6,Jun,60930.33,55848.74
2023-06-11,2023,6,Jun,61489.76,56361.51
2023-06-12,2023,6,Jun,61323.43,56209.06
2023-06-13,2023,6,Jun,61746.62,56596.95
2023-06-14,2023,6,Jun,61212.81,56107.66
2023-06-15,2023,6,Jun,60644.69,55586.92
2023-06-16,2023,6,Jun,61715.33,56568.27
2023-06-17,2023,6,Jun,61726.68,56578.67
2023-06-18,2023,6,Jun,61183.37,56080.68
2023-06-19,2023,6,Jun,61332.6,56217.46
2023-06-20,2023,6,Jun,61775.17,56623.12
2023-06-21,2023,6,Jun,61586.02,56449.75
2023-06-22,2023,6,Jun,61287.32,56175.96
2023-06-23,2023,6,Jun,61752.81,56602.63
2023-06-24,2023,6,Jun,61566.5,56431.85
2023-06-25,2023,6,Jun,61020.35,55931.25
2023-06-26,2023,6,Jun,61691.26,56546.21
2023-06-27,2023,6,Jun,61832.2,56675.39
2023-06-28,2023,6,Jun,61984.07,56814.6
2023-06-29,2023,6,Jun,61396.31,56275.86
2023-06-30,2023,6,Jun,62441.2,57233.6
2023-07-01,2023,7,Jul,61665.66,56522.74
2023-07-02,2023,7,Jul,61795.53,56641.78
2023-07-03,2023,7,Jul,61969.43,56801.18
2023-07-04,2023,7,Jul,62000.12,56829.31
2023-07-05,2023,7,Jul,61373.52,56254.97
2023-07-06,2023,7,Jul,62007.72,56836.28
2023-07-07,2023,7,Jul,61646.53,56505.21
2023-07-08,2023,7,Jul,62206.26,57018.26
2023-07-09,2023,7,Jul,62437.06,57229.81
2023-07-10,2023,7,Jul,61811.79,56656.69
2023-07-11,2023,7,Jul,61760.08,56609.29
2023-07-12,2023,7,Jul,62113.4,56933.14
2023-07-13,2023,7,Jul,62111.77,56931.65
2023-07-14,2023,7,Jul,62699.84,57470.67
2023-07-15,2023,7,Jul,62071.57,56894.8
2023-07-16,2023,7,Jul,62003.93,56832.8
2023-07-17,2023,7,Jul,62100.79,56921.58
2023-07-18,2023,7,Jul,62303.18,57107.09
2023-07-19,2023,7,Jul,62158.96,56974.9
2023-07-20,2023,7,Jul,62038.35,56864.35
2023-07-21,2023,7,Jul,62626.34,57403.3
2023-07-22,2023,7,Jul,62584.28,57364.75
2023-07-23,2023,7,Jul,62355.26,57154.83
2023-07-24,2023,7,Jul,62363.7,57162.57
2023-07-25,2023,7,Jul,61983.76,56814.31
2023-07-26,2023,7,Jul,62148.03,56964.88
2023-07-27,2023,7,Jul,62231.47,57041.37
2023-07-28,2023,7,Jul,61805.57,56650.99
2023-07-29,2023,7,Jul,62205.31,57017.39
2023-07-30,2023,7,Jul,61927.36,56762.62
2023-07-31,2023,7,Jul,61949.17,56782.61
2023-08-01,2023,8,Aug,62435.39,57228.28
2023-08-02,2023,8,Aug,62068.99,56892.44
2023-08-03,2023,8,Aug,61828.76,56672.24
2023-08-04,2023,8,Aug,62660.77,57434.86
2023-08-05,2023,8,Aug,62355.58,57155.12
2023-08-06,2023,8,Aug,62610.11,57388.43
2023-08-07,2023,8,Aug,63309.0,58029.03
2023-08-08,2023,8,Aug,62584.48,57364.93
2023-08-09,2023,8,Aug,62851.13,57609.35
2023-08-10,2023,8,Aug,62596.42,57375.88
2023-08-11,2023,8,Aug,62208.37,57020.19
2023-08-12,2023,8,Aug,62570.79,57352.39
2023-08-13,2023,8,Aug,62511.31,57297.87
2023-08-14,2023,8,Aug,62237.05,57046.48
2023-08-15,2023,8,Aug,62157.17,56973.26
2023-08-16,2023,8,Aug,62487.26,57275.82
2023-08-17,2023,8,Aug,62804.79,57566.87
2023-08-18,2023,8,Aug,62837.23,57596.61
2023-08-19,2023,8,Aug,62995.54,57741.71
2023-08-20,2023,8,Aug,62447.86,57239.71
2023-08-21,2023,8,Aug,62391.38,57187.94
2023-08-22,2023,8,Aug,62838.17,57597.47
2023-08-23,2023,8,Aug,62951.09,57700.97
2023-08-24,2023,8,Aug,63249.51,57974.5
2023-08-25,2023,8,Aug,62519.31,57305.2
2023-08-26,2023,8,Aug,63481.88,58187.49
2023-08-27,2023,8,Aug,62872.87,57629.27
2023-08-28,2023,8,Aug,62626.39,57403.35
2023-08-29,2023,8,Aug,63016.28,57760.72
2023-08-30,2023,8,Aug,62741.27,57508.65
2023-08-31,2023,8,Aug,62404.56,57200.02
2023-09-01,2023,9,Sep,63259.71,57983.85
2023-09-02,2023,9,Sep,63529.28,58230.94
2023-09-03,2023,9,Sep,63474.74,58180.95
2023-09-04,2023,9,Sep,63511.09,58214.27
2023-09-05,2023,9,Sep,63614.55,58309.1
2023-09-06,2023,9,Sep,63442.92,58151.78
2023-09-07,2023,9,Sep,63873.84,58546.76
2023-09-08,2023,9,Sep,64059.95,58717.35
2023-09-09,2023,9,Sep,63599.4,58295.21
2023-09-10,2023,9,Sep,63384.25,58098.0
2023-09-11,2023,9,Sep,63337.46,58055.12
2023-09-12,2023,9,Sep,63664.68,58355.05
2023-09-13,2023,9,Sep,63634.49,58327.37
2023-09-14,2023,9,Sep,63770.01,58451.59
2023-09-15,2023,9,Sep,63489.28,58194.27
2023-09-16,2023,9,Sep,63718.5,58404.38
2023-09-17,2023,9,Sep,64184.34,58831.37
2023-09-18,2023,9,Sep,63911.68,58581.45
2023-09-19,2023,9,Sep,63797.98,58477.23
2023-09-20,2023,9,Sep,63691.79,58379.89
2023-09-21,2023,9,Sep,64061.84,58719.08
2023-09-22,2023,9,Sep,64139.33,58790.11
2023-09-23,2023,9,Sep,64250.46,58891.97
2023-09-24,2023,9,Sep,64130.22,58781.76
2023-09-25,2023,9,Sep,63979.67,58643.77
2023-09-26,2023,9,Sep,64210.77,58855.59
2023-09-27,2023,9,Sep,64066.44,58723.3
2023-09-28,2023,9,Sep,64056.04,58713.77
2023-09-29,2023,9,Sep,64546.43,59163.26
2023-09-30,2023,9,Sep,64492.27,59113.61
2023-10-01,2023,10,Oct,65631.3,60157.65
2023-10-02,2023,10,Oct,65312.24,59865.2
2023-10-03,2023,10,Oct,65682.71,60204.77
2023-10-04,2023,10,Oct,65655.75,60180.06
2023-10-05,2023,10,Oct,65875.85,60381.8
2023-10-06,2023,10,Oct,65649.49,60174.32
2023-10-07,2023,10,Oct,65660.36,60184.29
2023-10-08,2023,10,Oct,65459.73,60000.39
2023-10-09,2023,10,Oct,65683.65,60205.63
2023-10-10,2023,10,Oct,66155.65,60638.27
2023-10-11,2023,10,Oct,65506.98,60043.7
2023-10-12,2023,10,Oct,65008.4,59586.7
2023-10-13,2023,10,Oct,65509.92,60046.39
2023-10-14,2023,10,Oct,65578.44,60109.2
2023-10-15,2023,10,Oct,65686.43,60208.18
2023-10-16,2023,10,Oct,65634.63,60160.7
2023-10-17,2023,10,Oct,65486.77,60025.17
2023-10-18,2023,10,Oct,65815.71,60326.68
2023-10-19,2023,10,Oct,65755.73,60271.7
2023-10-20,2023,10,Oct,65967.16,60465.5
2023-10-21,2023,10,Oct,65846.53,60354.93
2023-10-22,2023,10,Oct,66002.8,60498.17
2023-10-23,2023,10,Oct,65726.29,60244.72
2023-10-24,2023,10,Oct,66084.15,60572.73
2023-10-25,2023,10,Oct,66291.52,60762.81
2023-10-26,2023,10,Oct,65641.79,60167.26
2023-10-27,2023,10,Oct,65592.75,60122.31
2023-10-28,2023,10,Oct,65402.06,59947.53
2023-10-29,2023,10,Oct,65935.94,60436.88
2023-10-30,2023,10,Oct,66340.77,60807.95
2023-10-31,2023,10,Oct,66495.89,60950.13
2023-11-01,2023,11,Nov,65893.94,60398.39
2023-11-02,2023,11,Nov,66374.64,60839.0
2023-11-03,2023,11,Nov,65932.11,60433.37
2023-11-04,2023,11,Nov,66885.22,61306.99
2023-11-05,2023,11,Nov,66786.93,61216.9
2023-11-06,2023,11,Nov,65670.46,60193.54
2023-11-07,2023,11,Nov,66210.3,60688.36
2023-11-08,2023,11,Nov,66213.16,60690.98
2023-11-09,2023,11,Nov,65988.5,60485.06
2023-11-10,2023,11,Nov,66083.41,60572.05
2023-11-11,2023,11,Nov,66398.21,60860.6
2023-11-12,2023,11,Nov,66123.08,60608.42
2023-11-13,2023,11,Nov,66450.41,60908.45
2023-11-14,2023,11,Nov,66669.61,61109.36
2023-11-15,2023,11,Nov,66080.3,60569.2
2023-11-16,2023,11,Nov,66126.81,60611.83
2023-11-17,2023,11,Nov,66663.91,61104.14
2023-11-18,2023,11,Nov,66408.19,60869.75
2023-11-19,2023,11,Nov,66337.9,60805.32
2023-11-20,2023,11,Nov,66167.51,60649.14
2023-11-21,2023,11,Nov,66547.25,60997.21
2023-11-22,2023,11,Nov,66665.22,61105.34
2023-11-23,2023,11,Nov,66494.22,60948.6
2023-11-24,2023,11,Nov,66531.5,60982.77
2023-11-25,2023,11,Nov,66963.27,61378.53
2023-11-26,2023,11,Nov,66511.11,60964.08
2023-11-27,2023,11,Nov,66318.28,60787.34
2023-11-28,2023,11,Nov,66588.96,61035.44
2023-11-29,2023,11,Nov,66442.72,60901.4
2023-11-30,2023,11,Nov,66518.73,60971.07
2023-12-01,2023,12,Dec,64297.72,58935.29
2023-12-02,2023,12,Dec,65190.18,59753.32
2023-12-03,2023,12,Dec,64976.41,59557.38
2023-12-04,2023,12,Dec,64343.88,58977.6
2023-12-05,2023,12,Dec,64536.94,59154.56
2023-12-06,2023,12,Dec,65043.92,59619.26
2023-12-07,2023,12,Dec,64351.79,58984.85
2023-12-08,2023,12,Dec,64654.46,59262.28
2023-12-09,2023,12,Dec,64575.38,59189.79
2023-12-10,2023,12,Dec,64945.81,59529.33
2023-12-11,2023,12,Dec,64842.16,59434.32
2023-12-12,2023,12,Dec,64930.62,59515.41
2023-12-13,2023,12,Dec,64996.5,59575.79
2023-12-14,2023,12,Dec,64979.07,59559.82
2023-12-15,2023,12,Dec,64961.12,59543.36
2023-12-16,2023,12,Dec,65055.77,59630.12
2023-12-17,2023,12,Dec,65413.11,59957.66
2023-12-18,2023,12,Dec,65083.5,59655.54
2023-12-19,2023,12,Dec,64804.73,59400.02
2023-12-20,2023,12,Dec,65145.35,59712.23
2023-12-21,2023,12,Dec,64877.58,59466.79
2023-12-22,2023,12,Dec,65107.02,59677.09
2023-12-23,2023,12,Dec,65027.52,59604.22
2023-12-24,2023,12,Dec,64933.1,59517.68
2023-12-25,2023,12,Dec,64817.99,59412.17
2023-12-26,2023,12,Dec,65406.22,59951.34
2023-12-27,2023,12,Dec,65070.51,59643.63
2023-12-28,2023,12,Dec,65434.43,59977.2
2023-12-29,2023,12,Dec,65266.02,59822.83
2023-12-30,2023,12,Dec,65098.74,59669.51
2023-12-31,2023,12,Dec,64653.93,59261.79
2024-01-01,2024,1,Jan,64882.13,59470.96
2024-01-02,2024,1,Jan,65342.07,59892.54
2024-01-03,2024,1,Jan,65754.6,60270.67
2024-01-04,2024,1,Jan,65293.65,59848.16
2024-01-05,2024,1,Jan,65248.79,59807.04
2024-01-06,2024,1,Jan,65989.82,60486.27
2024-01-07,2024,1,Jan,65516.99,60052.87
2024-01-08,2024,1,Jan,64661.85,59269.05
2024-01-09,2024,1,Jan,65725.56,60244.05
2024-01-10,2024,1,Jan,64999.3,59578.36
2024-01-11,2024,1,Jan,65804.57,60316.47
2024-01-12,2024,1,Jan,65807.51,60319.16
2024-01-13,2024,1,Jan,65774.59,60288.99
2024-01-14,2024,1,Jan,65224.94,59785.18
2024-01-15,2024,1,Jan,65301.1,59854.99
2024-01-16,2024,1,Jan,65813.52,60324.67
2024-01-17,2024,1,Jan,65596.85,60126.07
2024-01-18,2024,1,Jan,65231.46,59791.16
2024-01-19,2024,1,Jan,65424.95,59968.51
2024-01-20,2024,1,Jan,65019.36,59596.75
2024-01-21,2024,1,Jan,65262.31,59819.43
2024-01-22,2024,1,Jan,66353.09,60819.24
2024-01-23,2024,1,Jan,65750.1,60266.54
2024-01-24,2024,1,Jan,65705.5,60225.66
2024-01-25,2024,1,Jan,65528.39,60063.32
2024-01-26,2024,1,Jan,65613.26,60141.11
2024-01-27,2024,1,Jan,65416.17,59960.46
2024-01-28,2024,1,Jan,66204.37,60682.93
2024-01-29,2024,1,Jan,65705.91,60226.04
2024-01-30,2024,1,Jan,66035.41,60528.06
2024-01-31,2024,1,Jan,65825.71,60335.85
2024-02-01,2024,2,Feb,65426.43,59969.87
2024-02-02,2024,2,Feb,65834.36,60343.77
2024-02-03,2024,2,Feb,65618.57,60145.98
2024-02-04,2024,2,Feb,65634.26,60160.36
2024-02-05,2024,2,Feb,65793.19,60306.04
2024-02-06,2024,2,Feb,66317.04,60786.2
2024-02-07,2024,2,Feb,66082.56,60571.27
2024-02-08,2024,2,Feb,66011.47,60506.11
2024-02-09,2024,2,Feb,65574.51,60105.6
2024-02-10,2024,2,Feb,65863.4,60370.39
2024-02-11,2024,2,Feb,65856.08,60363.68
2024-02-12,2024,2,Feb,66143.89,60627.49
2024-02-13,2024,2,Feb,65748.46,60265.04
2024-02-14,2024,2,Feb,66162.43,60644.48
2024-02-15,2024,2,Feb,66106.57,60593.28
2024-02-16,2024,2,Feb,66270.89,60743.9
2024-02-17,2024,2,Feb,65599.31,60128.33
2024-02-18,2024,2,Feb,65984.9,60481.76
2024-02-19,2024,2,Feb,66398.25,60860.64
2024-02-20,2024,2,Feb,65816.62,60327.51
2024-02-21,2024,2,Feb,66208.2,60686.44
2024-02-22,2024,2,Feb,66638.17,61080.55
2024-02-23,2024,2,Feb,66022.16,60515.91
2024-02-24,2024,2,Feb,66189.58,60669.37
2024-02-25,2024,2,Feb,66344.13,60811.03
2024-02-26,2024,2,Feb,66117.08,60602.92
2024-02-27,2024,2,Feb,66332.91,60800.75
2024-02-28,2024,2,Feb,66213.38,60691.18
2024-02-29,2024,2,Feb,66428.95,60888.78
2024-03-01,2024,3,Mar,66294.78,60765.8
2024-03-02,2024,3,Mar,67259.22,61649.8
2024-03-03,2024,3,Mar,66604.89,61050.04
2024-03-04,2024,3,Mar,67331.86,61716.38
2024-03-05,2024,3,Mar,67062.47,61469.46
2024-03-06,2024,3,Mar,66789.59,61219.34
2024-03-07,2024,3,Mar,67065.21,61471.97
2024-03-08,2024,3,Mar,66870.88,61293.85
2024-03-09,2024,3,Mar,67253.76,61644.8
2024-03-10,2024,3,Mar,67330.84,61715.45
2024-03-11,2024,3,Mar,67323.94,61709.12
2024-03-12,2024,3,Mar,67168.82,61566.94
2024-03-13,2024,3,Mar,67309.91,61696.26
2024-03-14,2024,3,Mar,67314.48,61700.45
2024-03-15,2024,3,Mar,67388.71,61768.49
2024-03-16,2024,3,Mar,66881.85,61303.9
2024-03-17,2024,3,Mar,66811.09,61239.05
2024-03-18,2024,3,Mar,67553.21,61919.27
2024-03-19,2024,3,Mar,67135.97,61536.83
2024-03-20,2024,3,Mar,67274.4,61663.72
2024-03-21,2024,3,Mar,67292.82,61680.6
2024-03-22,2024,3,Mar,67630.35,61989.98
2024-03-23,2024,3,Mar,67334.77,61719.05
2024-03-24,2024,3,Mar,67272.25,61661.74
2024-03-25,2024,3,Mar,67272.18,61661.68
2024-03-26,2024,3,Mar,67539.37,61906.59
2024-03-27,2024,3,Mar,67754.57,62103.84
2024-03-28,2024,3,Mar,67241.82,61633.85
2024-03-29,2024,3,Mar,67305.32,61692.06
2024-03-30,2024,3,Mar,67386.01,61766.02
2024-03-31,2024,3,Mar,68017.81,62345.12
2024-04-01,2024,4,Apr,68183.59,62497.08
2024-04-02,2024,4,Apr,68009.42,62337.43
2024-04-03,2024,4,Apr,67972.4,62303.5
2024-04-04,2024,4,Apr,68503.26,62790.09
2024-04-05,2024,4,Apr,68002.12,62330.74
2024-04-06,2024,4,Apr,68241.19,62549.87
2024-04-07,2024,4,Apr,68333.23,62634.24
2024-04-08,2024,4,Apr,68300.54,62604.27
2024-04-09,2024,4,Apr,68824.09,63084.16
2024-04-10,2024,4,Apr,67823.42,62166.95
2024-04-11,2024,4,Apr,68337.58,62638.23
2024-04-12,2024,4,Apr,67934.96,62269.18
2024-04-13,2024,4,Apr,68495.32,62782.81
2024-04-14,2024,4,Apr,68566.77,62848.3
2024-04-15,2024,4,Apr,68267.89,62574.35
2024-04-16,2024,4,Apr,69006.63,63251.48
2024-04-17,2024,4,Apr,67979.78,62310.27
2024-04-18,2024,4,Apr,68314.3,62616.89
2024-04-19,2024,4,Apr,68449.59,62740.89
2024-04-20,2024,4,Apr,68245.34,62553.68
2024-04-21,2024,4,Apr,68636.45,62912.17
2024-04-22,2024,4,Apr,68612.4,62890.13
2024-04-23,2024,4,Apr,68511.21,62797.38
2024-04-24,2024,4,Apr,68512.17,62798.26
2024-04-25,2024,4,Apr,68169.16,62483.85
2024-04-26,2024,4,Apr,68605.29,62883.61
2024-04-27,2024,4,Apr,68341.96,62642.24
2024-04-28,2024,4,Apr,68223.94,62534.06
2024-04-29,2024,4,Apr,68613.52,62891.15
2024-04-30,2024,4,Apr,68191.14,62504.0
2024-05-01,2024,5,May,67090.57,61495.22
2024-05-02,2024,5,May,67395.95,61775.13
2024-05-03,2024,5,May,67656.2,62013.67
2024-05-04,2024,5,May,67821.32,62165.02
2024-05-05,2024,5,May,68363.31,62661.81
2024-05-06,2024,5,May,67905.02,62241.74
2024-05-07,2024,5,May,67527.01,61895.26
2024-05-08,2024,5,May,67515.32,61884.54
2024-05-09,2024,5,May,67323.43,61708.66
2024-05-10,2024,5,May,68370.93,62668.79
2024-05-11,2024,5,May,67534.12,61901.77
2024-05-12,2024,5,May,67223.18,61616.77
2024-05-13,2024,5,May,67825.96,62169.27
2024-05-14,2024,5,May,67829.31,62172.35
2024-05-15,2024,5,May,67705.87,62059.2
2024-05-16,2024,5,May,68052.82,62377.21
2024-05-17,2024,5,May,67595.32,61957.87
2024-05-18,2024,5,May,68092.23,62413.34
2024-05-19,2024,5,May,67534.94,61902.53
2024-05-20,2024,5,May,67832.5,62175.27
2024-05-21,2024,5,May,67660.34,62017.47
2024-05-22,2024,5,May,68069.71,62392.7
2024-05-23,2024,5,May,67187.09,61583.69
2024-05-24,2024,5,May,67661.38,62018.42
2024-05-25,2024,5,May,68076.79,62399.19
2024-05-26,2024,5,May,67789.42,62135.78
2024-05-27,2024,5,May,68294.24,62598.5
2024-05-28,2024,5,May,67921.1,62256.48
2024-05-29,2024,5,May,67846.49,62188.09
2024-05-30,2024,5,May,68278.72,62584.27
2024-05-31,2024,5,May,68138.79,62456.01
2024-06-01,2024,6,Jun,68416.52,62710.58
2024-06-02,2024,6,Jun,67632.12,61991.6
2024-06-03,2024,6,Jun,68282.6,62587.83
2024-06-04,2024,6,Jun,68274.5,62580.41
2024-06-05,2024,6,Jun,67691.93,62046.42
2024-06-06,2024,6,Jun,68401.3,62696.63
2024-06-07,2024,6,Jun,67822.56,62166.16
2024-06-08,2024,6,Jun,67872.31,62211.76
2024-06-09,2024,6,Jun,68005.18,62333.55
2024-06-10,2024,6,Jun,68578.73,62859.26
2024-06-11,2024,6,Jun,68287.65,62592.46
2024-06-12,2024,6,Jun,67991.0,62320.55
2024-06-13,2024,6,Jun,67726.47,62078.08
2024-06-14,2024,6,Jun,68317.93,62620.21
2024-06-15,2024,6,Jun,68773.15,63037.47
2024-06-16,2024,6,Jun,68011.94,62339.74
2024-06-17,2024,6,Jun,68604.91,62883.26
2024-06-18,2024,6,Jun,68535.01,62819.19
2024-06-19,2024,6,Jun,69074.51,63313.7
2024-06-20,2024,6,Jun,68421.66,62715.29
2024-06-21,2024,6,Jun,68437.55,62729.86
2024-06-22,2024,6,Jun,68983.2,63230.0
2024-06-23,2024,6,Jun,67793.12,62139.17
2024-06-24,2024,6,Jun,68645.71,62920.66
2024-06-25,2024,6,Jun,68540.28,62824.02
2024-06-26,2024,6,Jun,68572.24,62853.32
2024-06-27,2024,6,Jun,68257.06,62564.42
2024-06-28,2024,6,Jun,68140.63,62457.7
2024-06-29,2024,6,Jun,68256.03,62563.48
2024-06-30,2024,6,Jun,68503.47,62790.28
2024-07-01,2024,7,Jul,69047.05,63288.53
2024-07-02,2024,7,Jul,68085.58,62407.24
2024-07-03,2024,7,Jul,68761.98,63027.23
2024-07-04,2024,7,Jul,69266.94,63490.08
2024-07-05,2024,7,Jul,68600.78,62879.47
2024-07-06,2024,7,Jul,68733.05,63000.71
2024-07-07,2024,7,Jul,68892.63,63146.98
2024-07-08,2024,7,Jul,68670.15,62943.06
2024-07-09,2024,7,Jul,68905.26,63158.56
2024-07-10,2024,7,Jul,68438.14,62730.4
2024-07-11,2024,7,Jul,68951.02,63200.5
2024-07-12,2024,7,Jul,68655.02,62929.19
2024-07-13,2024,7,Jul,68793.83,63056.42
2024-07-14,2024,7,Jul,68496.61,62783.99
2024-07-15,2024,7,Jul,69365.75,63580.65
2024-07-16,2024,7,Jul,69338.9,63556.04
2024-07-17,2024,7,Jul,68607.58,62885.71
2024-07-18,2024,7,Jul,68829.27,63088.91
2024-07-19,2024,7,Jul,68695.28,62966.09
2024-07-20,2024,7,Jul,69123.99,63359.05
2024-07-21,2024,7,Jul,68655.44,62929.58
2024-07-22,2024,7,Jul,69259.46,63483.22
2024-07-23,2024,7,Jul,68909.48,63162.43
2024-07-24,2024,7,Jul,68972.82,63220.49
2024-07-25,2024,7,Jul,68547.83,62830.94
2024-07-26,2024,7,Jul,68745.81,63012.41
2024-07-27,2024,7,Jul,69053.08,63294.05
2024-07-28,2024,7,Jul,69607.19,63801.95
2024-07-29,2024,7,Jul,69810.53,63988.33
2024-07-30,2024,7,Jul,69268.97,63491.94
2024-07-31,2024,7,Jul,69285.14,63506.76
2024-08-01,2024,8,Aug,68938.79,63189.29
2024-08-02,2024,8,Aug,68735.9,63003.33
2024-08-03,2024,8,Aug,69329.97,63547.85
2024-08-04,2024,8,Aug,68874.0,63129.91
2024-08-05,2024,8,Aug,68952.35,63201.72
2024-08-06,2024,8,Aug,69866.67,64039.79
2024-08-07,2024,8,Aug,69760.5,63942.47
2024-08-08,2024,8,Aug,69374.39,63588.57
2024-08-09,2024,8,Aug,69193.59,63422.84
2024-08-10,2024,8,Aug,69606.82,63801.61
2024-08-11,2024,8,Aug,69247.96,63472.68
2024-08-12,2024,8,Aug,69427.2,63636.97
2024-08-13,2024,8,Aug,69474.65,63680.46
2024-08-14,2024,8,Aug,69688.0,63876.02
2024-08-15,2024,8,Aug,68932.63,63183.65
2024-08-16,2024,8,Aug,70068.56,64224.84
2024-08-17,2024,8,Aug,69605.38,63800.29
2024-08-18,2024,8,Aug,69374.69,63588.84
2024-08-19,2024,8,Aug,69887.88,64059.23
2024-08-20,2024,8,Aug,69269.35,63492.29
2024-08-21,2024,8,Aug,69271.36,63494.13
2024-08-22,2024,8,Aug,69018.55,63262.4
2024-08-23,2024,8,Aug,69138.21,63372.08
2024-08-24,2024,8,Aug,69869.09,64042.01
2024-08-25,2024,8,Aug,69560.31,63758.98
2024-08-26,2024,8,Aug,70243.12,64384.84
2024-08-27,2024,8,Aug,69631.9,63824.6
2024-08-28,2024,8,Aug,69713.91,63899.77
2024-08-29,2024,8,Aug,69317.85,63536.74
2024-08-30,2024,8,Aug,70069.91,64226.08
2024-08-31,2024,8,Aug,70321.9,64457.05
2024-09-01,2024,9,Sep,69993.6,64156.13
2024-09-02,2024,9,Sep,70153.95,64303.11
2024-09-03,2024,9,Sep,70128.07,64279.39
2024-09-04,2024,9,Sep,70091.63,64245.99
2024-09-05,2024,9,Sep,70327.52,64462.2
2024-09-06,2024,9,Sep,70618.61,64729.02
2024-09-07,2024,9,Sep,70054.0,64211.5
2024-09-08,2024,9,Sep,70965.62,65047.09
2024-09-09,2024,9,Sep,70263.13,64403.18
2024-09-10,2024,9,Sep,70730.56,64831.63
2024-09-11,2024,9,Sep,70182.68,64329.44
2024-09-12,2024,9,Sep,70718.86,64820.91
2024-09-13,2024,9,Sep,70109.17,64262.07
2024-09-14,2024,9,Sep,70727.32,64828.66
2024-09-15,2024,9,Sep,70378.87,64509.27
2024-09-16,2024,9,Sep,70743.39,64843.39
2024-09-17,2024,9,Sep,70226.15,64369.29
2024-09-18,2024,9,Sep,70004.77,64166.37
2024-09-19,2024,9,Sep,70488.31,64609.58
2024-09-20,2024,9,Sep,70305.53,64442.05
2024-09-21,2024,9,Sep,70465.31,64588.5
2024-09-22,2024,9,Sep,71184.53,65247.74
2024-09-23,2024,9,Sep,70733.4,64834.23
2024-09-24,2024,9,Sep,70769.45,64867.28
2024-09-25,2024,9,Sep,70764.94,64863.14
2024-09-26,2024,9,Sep,70690.66,64795.06
2024-09-27,2024,9,Sep,71383.24,65429.88
2024-09-28,2024,9,Sep,70577.15,64691.02
2024-09-29,2024,9,Sep,70685.52,64790.35
2024-09-30,2024,9,Sep,71093.1,65163.94
2024-10-01,2024,10,Oct,72676.64,66615.41
2024-10-02,2024,10,Oct,71977.35,65974.44
2024-10-03,2024,10,Oct,72296.11,66266.61
2024-10-04,2024,10,Oct,72454.11,66411.44
2024-10-05,2024,10,Oct,72249.32,66223.73
2024-10-06,2024,10,Oct,72492.7,66446.81
2024-10-07,2024,10,Oct,72360.2,66325.36
2024-10-08,2024,10,Oct,72014.86,66008.82
2024-10-09,2024,10,Oct,72378.18,66341.84
2024-10-10,2024,10,Oct,72581.84,66528.51
2024-10-11,2024,10,Oct,72919.4,66837.92
2024-10-12,2024,10,Oct,72666.52,66606.13
2024-10-13,2024,10,Oct,72836.46,66761.9
2024-10-14,2024,10,Oct,72567.56,66515.43
2024-10-15,2024,10,Oct,72931.09,66848.64
2024-10-16,2024,10,Oct,72125.29,66110.04
2024-10-17,2024,10,Oct,73310.67,67196.56
2024-10-18,2024,10,Oct,72316.05,66284.89
2024-10-19,2024,10,Oct,72435.04,66393.96
2024-10-20,2024,10,Oct,72602.83,66547.75
2024-10-21,2024,10,Oct,72566.73,66514.66
2024-10-22,2024,10,Oct,72159.59,66141.48
2024-10-23,2024,10,Oct,72580.88,66527.63
2024-10-24,2024,10,Oct,72925.25,66843.28
2024-10-25,2024,10,Oct,72915.09,66833.97
2024-10-26,2024,10,Oct,73139.97,67040.1
2024-10-27,2024,10,Oct,72815.71,66742.88
2024-10-28,2024,10,Oct,72532.74,66483.51
2024-10-29,2024,10,Oct,72818.86,66745.77
2024-10-30,2024,10,Oct,72718.74,66654.0
2024-10-31,2024,10,Oct,72848.39,66772.83
2024-11-01,2024,11,Nov,72855.84,66779.66
2024-11-02,2024,11,Nov,72629.84,66572.51
2024-11-03,2024,11,Nov,73330.58,67214.81
2024-11-04,2024,11,Nov,72848.71,66773.13
2024-11-05,2024,11,Nov,72174.41,66155.06
2024-11-06,2024,11,Nov,72858.39,66782.0
2024-11-07,2024,11,Nov,72872.84,66795.25
2024-11-08,2024,11,Nov,73239.08,67130.94
2024-11-09,2024,11,Nov,73201.06,67096.09
2024-11-10,2024,11,Nov,73154.06,67053.01
2024-11-11,2024,11,Nov,72823.1,66749.65
2024-11-12,2024,11,Nov,72555.99,66504.82
2024-11-13,2024,11,Nov,72803.45,66731.64
2024-11-14,2024,11,Nov,73462.36,67335.6
2024-11-15,2024,11,Nov,72813.64,66740.98
2024-11-16,2024,11,Nov,73114.02,67016.31
2024-11-17,2024,11,Nov,73204.97,67099.68
2024-11-18,2024,11,Nov,73415.85,67292.97
2024-11-19,2024,11,Nov,73577.77,67441.38
2024-11-20,2024,11,Nov,73150.35,67049.61
2024-11-21,2024,11,Nov,72852.39,66776.5
2024-11-22,2024,11,Nov,73770.9,67618.41
2024-11-23,2024,11,Nov,73321.51,67206.5
2024-11-24,2024,11,Nov,73062.88,66969.44
2024-11-25,2024,11,Nov,73568.85,67433.21
2024-11-26,2024,11,Nov,73001.03,66912.74
2024-11-27,2024,11,Nov,73609.03,67470.04
2024-11-28,2024,11,Nov,73701.26,67554.57
2024-11-29,2024,11,Nov,73484.31,67355.72
2024-11-30,2024,11,Nov,73413.83,67291.12
2024-12-01,2024,12,Dec,71691.09,65712.05
2024-12-02,2024,12,Dec,70694.66,64798.73
2024-12-03,2024,12,Dec,71672.71,65695.21
2024-12-04,2024,12,Dec,72058.6,66048.91
2024-12-05,2024,12,Dec,71697.22,65717.67
2024-12-06,2024,12,Dec,71465.6,65505.37
2024-12-07,2024,12,Dec,71410.9,65455.23
2024-12-08,2024,12,Dec,71232.7,65291.89
2024-12-09,2024,12,Dec,71513.99,65549.72
2024-12-10,2024,12,Dec,71475.35,65514.31
2024-12-11,2024,12,Dec,71623.57,65650.16
2024-12-12,2024,12,Dec,72534.32,66484.96
2024-12-13,2024,12,Dec,71348.24,65397.8
2024-12-14,2024,12,Dec,71252.45,65310.0
2024-12-15,2024,12,Dec,71900.94,65904.4
2024-12-16,2024,12,Dec,71773.76,65787.83
2024-12-17,2024,12,Dec,71992.98,65988.77
2024-12-18,2024,12,Dec,71897.64,65901.38
2024-12-19,2024,12,Dec,71902.24,65905.59
2024-12-20,2024,12,Dec,71566.84,65598.17
2024-12-21,2024,12,Dec,71317.2,65369.35
2024-12-22,2024,12,Dec,72188.44,66167.92
2024-12-23,2024,12,Dec,71564.56,65596.08
2024-12-24,2024,12,Dec,72029.84,66022.55
2024-12-25,2024,12,Dec,71566.05,65597.44
2024-12-26,2024,12,Dec,71962.92,65961.21
2024-12-27,2024,12,Dec,71755.01,65770.64
2024-12-28,2024,12,Dec,71811.5,65822.42
2024-12-29,2024,12,Dec,72123.46,66108.36
2024-12-30,2024,12,Dec,72359.64,66324.85
2024-12-31,2024,12,Dec,71959.78,65958.33
